district,variety,maturity,damage,color,texture,temperature,farmer_grade
2,1,62.4,0.3,#d5f069,82.4,9.7,2
0,0,83.1,1.4,#e47647,72.5,5.0,1
1,1,61.1,1.0,#dccd45,81.7,24.8,2
2,0,83.5,3.7,#f06a3b,68.1,8.8,1
2,1,77.8,0.1,#e6b32d,71.7,5.7,1
1,1,85.1,1.6,#f09439,56.9,5.0,2
1,0,66.5,1.2,#f7e11d,75.3,14.9,1
2,0,90.4,6.2,#f1271a,50.2,17.5,3
2,0,95.0,3.9,#f93428,46.5,13.6,3
2,0,76.9,4.9,#ec881a,67.9,7.2,1
2,0,77.2,3.2,#f8870f,72.3,16.4,1
0,1,100.0,6.4,#f96c2f,59.8,16.5,3
1,0,70.7,0.9,#eadc5f,70.5,8.1,1
0,0,69.6,8.5,#f5f31b,65.7,9.5,2
2,0,100.0,1.4,#f12619,53.4,13.5,3
0,1,53.1,5.5,#bfd827,95.0,11.0,3
1,0,75.6,2.5,#f9af2e,76.0,7.5,1
0,1,74.3,3.2,#ebce3b,73.4,21.7,1
2,1,79.1,0.8,#f1a913,63.6,17.5,1
2,1,76.0,1.4,#f2cb2f,76.9,7.8,1
2,1,87.5,2.5,#e86725,63.9,13.9,2
0,1,90.0,0.4,#f0723b,54.0,12.5,3
1,1,73.3,4.0,#f2e35c,56.1,17.8,1
0,0,72.9,2.2,#dfb851,68.0,9.7,1
2,0,62.4,3.6,#82e94c,65.3,8.1,2
1,1,71.1,4.0,#f0e160,76.3,25.7,1
0,0,76.4,1.0,#f9881e,69.2,13.0,1
1,0,75.9,11.6,#f7ab2d,54.0,13.7,2
2,0,78.7,1.9,#f18c38,69.9,5.8,1
2,1,86.8,0.2,#f97020,54.9,13.8,2
0,0,83.4,4.9,#e85a1d,69.9,14.6,1
0,1,75.4,1.3,#f4c62f,78.9,16.8,1
2,0,87.1,0.1,#ec6654,54.3,18.0,3
1,0,67.0,0.1,#f5e346,58.9,16.8,1
0,0,67.3,0.3,#ccee32,91.0,15.2,2
0,1,50.0,2.4,#9caf24,76.3,20.3,3
1,1,66.3,1.4,#e8da61,84.5,13.9,1
1,0,91.8,2.3,#ec2c12,59.7,21.4,3
1,1,50.0,0.3,#b1a42c,94.8,18.6,3
1,1,89.3,1.5,#e4733b,70.1,11.0,1
2,1,78.9,1.7,#f8ac07,85.1,5.0,2
0,1,81.6,4.7,#ed9230,61.7,11.0,1
1,1,66.1,0.0,#e8da5f,77.3,8.5,1
0,0,80.4,6.4,#f65a10,62.8,15.7,2
0,0,84.2,2.1,#f85813,69.8,11.0,1
0,1,98.3,3.1,#ed7846,58.5,15.4,2
0,1,70.3,0.0,#d4ec41,73.1,15.0,1
2,1,52.9,0.6,#c3e929,86.0,15.1,3
0,0,64.5,2.7,#b1f159,74.1,7.9,2
0,1,70.2,3.3,#d4eb48,60.9,10.1,2
0,1,51.3,1.3,#bed821,67.9,17.3,3
2,0,82.4,2.2,#f95d19,66.3,8.6,1
0,0,74.3,3.9,#f6bb63,69.5,14.0,1
0,0,69.9,11.9,#f3ee43,72.7,12.5,1
0,1,63.4,0.3,#c9e137,87.3,8.5,3
2,1,65.7,0.7,#cbe953,66.3,5.2,2
0,0,66.6,1.1,#c3eb45,69.0,5.0,2
0,1,65.3,0.1,#d0e647,80.0,15.9,2
1,1,73.8,3.9,#e1d355,81.8,9.8,1
1,1,64.6,3.0,#f5e12a,76.1,13.7,1
0,1,100.0,5.5,#f9692b,52.3,18.8,3
0,1,65.2,0.6,#d1e555,72.9,5.0,2
2,0,74.2,1.4,#f0c674,81.6,10.1,1
1,1,74.4,1.7,#edde59,86.7,13.3,2
0,1,68.2,1.1,#d5e955,88.7,13.1,2
0,1,93.2,3.1,#e55213,70.6,13.9,2
2,0,58.8,2.5,#52d84f,71.6,14.8,2
0,0,61.3,6.9,#76f33e,65.9,14.5,2
0,0,55.8,0.1,#84f744,85.9,10.6,2
0,1,56.7,0.2,#cded0c,69.3,12.2,2
0,0,87.8,5.7,#ee5d1f,59.0,10.6,2
1,1,50.0,0.7,#d7c735,85.0,27.4,3
0,1,91.8,1.3,#e36c39,55.6,5.0,3
1,0,59.3,1.3,#f5e01f,77.8,19.4,2
2,1,100.0,3.1,#f3460f,56.0,7.6,3
1,1,55.4,1.3,#d1bf1d,75.9,9.0,2
2,1,65.9,3.9,#c4e833,76.7,11.7,1
2,1,83.5,4.0,#ec8620,71.8,14.5,1
0,1,60.3,1.3,#cddf60,72.0,14.9,2
1,1,75.4,0.5,#dbca42,62.6,15.2,1
2,0,54.7,2.1,#42cc1c,77.1,17.0,2
0,0,66.3,4.0,#cef660,54.6,8.0,2
1,0,74.0,0.7,#f0c343,69.2,17.8,1
2,0,81.6,5.5,#f76f2a,62.1,8.6,2
1,1,68.7,1.6,#eedc36,88.4,14.8,2
0,1,79.4,1.5,#f29406,58.1,5.0,1
1,1,50.0,0.6,#e7d533,95.0,11.8,3
2,1,91.6,0.3,#f36032,54.4,20.2,3
1,1,71.5,1.4,#d9c620,72.2,24.5,1
0,0,86.4,5.2,#ef7845,72.4,5.0,2
0,1,79.2,0.4,#f0a939,60.8,5.0,1
1,0,75.4,2.7,#eba628,70.2,20.9,1
0,1,83.9,2.1,#ec8d46,60.6,9.5,1
1,0,100.0,2.3,#f7381e,54.1,6.9,3
0,1,50.2,3.8,#b0c531,95.0,10.7,3
2,1,57.0,0.3,#b0d326,84.6,21.2,3
1,0,85.5,2.9,#f35c2d,73.6,12.9,1
2,0,69.9,1.3,#dfe42a,57.3,9.2,1
1,0,85.5,4.0,#f94d17,51.5,15.5,2
2,0,100.0,3.0,#fa4a3e,57.4,10.5,2
2,0,68.0,5.0,#cff337,84.8,12.6,1
2,1,95.1,0.6,#de613a,48.7,5.0,3
0,0,90.2,9.2,#f96628,72.4,14.1,2
0,1,65.1,3.9,#d0e456,64.9,16.6,2
2,0,75.4,1.6,#e98f11,57.3,15.0,1
0,0,93.7,2.5,#e56b37,59.9,9.3,2
1,1,76.8,1.3,#eecd2c,66.2,11.7,1
1,0,97.9,1.3,#f83d23,57.1,12.1,2
0,1,80.2,0.6,#ed9116,70.7,5.0,1
0,1,68.0,0.0,#d8ef49,81.4,20.3,2
2,1,92.2,5.2,#dd4e21,56.4,12.1,3
1,0,69.3,8.8,#fae84b,84.9,11.4,1
1,1,78.7,2.5,#ebb40e,68.1,8.7,1
0,0,92.2,0.5,#ee672d,58.7,21.9,2
1,0,71.4,1.0,#f4e34b,63.1,16.6,1
1,1,63.3,4.2,#e4d22b,74.1,17.3,2
2,0,79.7,5.5,#f9893a,78.5,17.1,1
0,0,70.3,3.2,#edde13,70.1,13.8,1
2,1,69.8,0.2,#cef533,83.5,5.0,2
2,0,60.2,2.7,#6bfa51,77.0,5.0,2
2,1,96.2,1.9,#f06d43,69.3,16.2,2
0,1,90.2,1.1,#ec6930,62.3,15.2,2
2,0,75.6,0.0,#f2971a,56.9,14.8,1
0,1,71.0,1.3,#c9df23,69.6,14.3,1
0,0,86.2,1.3,#f05715,59.2,16.0,2
1,0,99.7,0.8,#ef442c,61.6,13.4,2
1,0,100.0,0.9,#ee371e,52.4,17.9,3
0,1,69.4,2.5,#c7dd3e,76.6,9.2,2
0,0,84.5,0.1,#e15d24,63.8,5.0,1
2,0,85.1,5.4,#f13f13,58.1,12.2,2
0,1,65.5,0.2,#d9f240,89.7,16.1,2
2,0,86.2,6.5,#f25539,67.8,14.0,2
2,0,88.0,5.0,#fa4c3d,58.3,14.4,2
2,0,75.7,1.5,#f39516,73.6,14.1,1
0,1,81.0,0.0,#ed850c,67.2,12.4,1
2,1,87.0,3.1,#f97024,60.8,14.7,2
2,1,78.7,1.9,#efb531,66.7,10.0,1
0,1,77.0,0.8,#e8ae26,70.0,13.8,1
2,0,70.6,0.1,#e9e214,78.0,17.4,1
1,1,54.6,0.3,#e3d234,89.2,18.6,3
2,0,87.1,2.2,#f1280d,77.2,16.5,2
2,1,75.1,0.4,#edcd25,77.5,10.3,1
2,1,72.1,0.2,#d9e647,61.9,10.1,2
0,1,75.3,0.7,#e8b714,58.4,15.0,1
0,1,66.4,1.8,#d6e95f,60.6,13.5,2
0,1,74.4,1.2,#e8d472,80.0,15.7,1
1,0,71.7,0.4,#ebda46,62.4,19.5,1
1,1,82.5,0.0,#de8b10,64.3,8.6,1
0,0,72.3,0.5,#eed171,76.5,9.1,1
2,1,86.0,0.2,#f88133,65.0,8.8,2
1,1,76.7,3.1,#f3d43a,64.9,18.6,1
1,0,74.4,3.8,#fac33d,65.1,9.6,1
0,0,59.5,5.1,#77e54f,91.6,14.2,3
1,0,58.5,3.7,#b7a71d,81.5,15.2,2
0,1,50.0,0.7,#c8df3a,95.0,9.7,3
1,0,69.9,1.2,#f7e64e,74.0,14.7,1
0,0,56.2,0.9,#66f336,89.6,13.2,2
0,0,50.0,0.2,#75e245,69.3,21.1,3
2,1,90.4,2.2,#de4819,76.0,19.7,3
0,0,51.7,0.2,#42c31a,89.6,9.5,3
0,0,84.7,5.0,#e96228,62.3,10.4,1
0,1,100.0,3.7,#f56528,55.4,11.0,2
1,1,72.6,5.1,#e7d95d,70.6,12.4,1
1,1,50.0,0.2,#e0cf37,59.3,22.4,3
2,1,76.0,0.3,#e9c639,74.3,7.9,1
0,1,87.1,7.9,#e56731,63.7,15.3,2
2,1,70.8,2.7,#c9eb3f,73.6,15.8,2
2,1,85.1,1.7,#f37310,61.4,5.0,2
0,0,89.0,20.9,#f1662b,58.2,10.4,2
1,0,82.8,8.4,#f37735,63.0,5.0,2
2,0,65.4,1.4,#bbfa5f,58.6,17.4,2
0,0,91.0,2.5,#f96120,60.2,14.3,2
1,1,59.4,1.1,#d9c727,68.3,11.3,1
2,1,55.1,1.3,#c5e837,80.6,16.6,2
0,1,72.6,5.7,#e6e472,70.4,5.0,2
2,1,83.5,1.5,#e7913b,67.4,24.3,1
1,1,83.7,2.5,#ef9527,66.4,18.6,1
2,0,82.6,0.8,#f66e34,60.9,7.9,1
1,0,70.2,1.7,#e7d84c,92.8,14.1,1
1,0,59.3,1.5,#e2cf23,64.9,13.9,1
1,1,68.5,2.0,#f5e343,67.0,23.1,1
2,0,60.7,4.4,#6eed4f,87.0,20.1,3
2,1,88.3,0.1,#e3642c,57.8,20.4,2
1,1,83.1,1.2,#f49719,52.8,17.2,2
2,0,62.6,1.5,#82e948,70.0,13.2,2
1,1,53.3,1.6,#e1d13c,71.2,20.4,2
1,1,77.0,0.1,#f1cd28,73.3,7.4,1
0,0,61.3,2.0,#6aef30,86.8,17.5,3
1,0,79.3,0.5,#f9912e,74.0,6.2,1
1,1,74.3,0.3,#e9da55,75.0,6.6,1
1,0,61.3,0.3,#f1e152,70.1,5.0,2
2,1,83.4,5.0,#f98f24,65.8,10.1,1
2,0,84.5,0.5,#f2653e,69.8,15.0,1
1,0,66.8,11.1,#edde57,75.1,8.4,1
0,1,100.0,2.1,#eb733f,51.1,13.8,3
0,1,51.3,0.1,#bdd431,87.1,12.7,3
1,0,75.4,0.9,#f0b447,79.6,10.9,1
1,1,89.9,11.1,#ee6123,57.6,10.5,2
0,1,55.9,0.4,#b0c62b,87.2,14.1,3
1,0,66.8,3.7,#fae741,56.7,5.4,1
0,1,73.9,6.2,#e4d043,81.5,10.1,2
0,1,60.1,1.6,#dbf158,73.5,6.0,2
0,0,82.7,0.2,#e85c20,66.1,23.1,1
2,0,61.3,1.3,#6aef3e,90.5,5.1,3
1,1,52.6,2.4,#d8c417,95.0,15.4,3
1,1,66.1,4.0,#f9e429,80.4,13.5,1
0,0,73.1,7.9,#f7b92b,70.3,17.5,1
2,1,86.1,0.1,#dd7d3e,66.4,11.9,1
2,0,63.3,0.7,#8ef444,70.2,8.1,2
1,0,82.6,0.3,#f87e3a,56.2,9.5,1
0,1,94.9,2.2,#f05b1b,60.3,19.3,3
2,1,100.0,3.8,#e86137,62.0,10.9,2
2,0,63.4,2.0,#96e15e,77.0,9.6,2
2,1,73.4,0.0,#f0eb38,73.2,5.0,2
0,0,80.6,0.8,#f9621c,64.3,7.9,1
0,0,88.6,0.7,#f55815,59.0,14.9,1
2,0,84.9,3.2,#f84f24,85.9,14.8,2
0,1,50.0,3.1,#c3de1d,72.7,11.0,2
1,1,61.8,0.4,#f8e643,67.0,14.2,1
0,1,79.2,0.0,#f79e11,73.1,11.4,1
2,1,83.9,0.3,#f2851e,79.4,10.0,1
1,0,76.7,0.0,#ec9a23,65.8,5.0,1
2,1,54.7,1.1,#bcdf32,72.2,11.9,2
1,1,64.0,1.6,#e3d557,84.0,16.2,2
1,1,78.6,1.4,#e8b61d,65.8,7.6,1
2,1,89.0,0.1,#f26933,55.8,17.3,2
0,0,74.1,0.7,#fab84d,77.5,13.8,1
2,0,78.7,4.7,#fa9440,71.6,13.0,1
2,0,69.8,2.2,#c8ce1e,66.2,12.8,1
1,1,76.0,0.1,#eacd19,69.1,16.1,1
0,1,88.3,7.6,#e6581b,47.9,9.6,3
0,0,85.7,7.8,#f35b1a,49.1,15.9,3
1,0,70.0,1.0,#f1e049,86.0,17.8,2
1,0,67.5,2.4,#eadb57,63.6,6.6,1
0,1,62.7,1.9,#d4ea51,76.5,9.5,2
2,0,58.4,5.1,#24ec20,74.8,6.5,3
1,1,69.4,0.4,#f7e433,80.4,8.6,1
1,1,72.9,2.9,#e2ce19,70.8,12.6,1
1,1,84.8,1.5,#ef8b23,62.8,5.0,1
1,1,71.3,4.4,#e3d449,95.0,13.5,2
0,0,63.7,1.6,#89ee1f,83.0,8.7,2
0,0,90.7,0.9,#ea672f,69.8,22.1,2
1,0,50.0,2.9,#dbc923,72.2,9.9,2
0,1,76.3,2.0,#eab016,63.4,13.0,1
0,1,62.1,7.5,#d5f224,76.1,7.4,3
1,1,86.1,1.1,#f89f55,69.1,13.6,1
1,1,62.3,3.3,#efde46,86.9,7.0,3
2,1,94.0,3.7,#dd582e,70.9,11.9,2
1,1,66.5,0.2,#e6d53c,87.4,13.2,2
1,1,77.1,1.8,#f1c606,75.3,15.1,1
1,0,66.1,1.3,#f2e24b,66.4,10.9,1
1,0,64.9,0.8,#ead942,71.0,19.2,2
1,1,76.2,2.9,#efce10,76.1,13.4,1
2,0,87.1,0.5,#d22d17,65.1,17.5,2
2,0,70.5,4.9,#eeea3d,75.6,9.8,1
2,0,88.5,5.8,#f82214,68.5,10.1,2
1,1,76.4,0.2,#ebc806,66.9,5.0,1
2,1,88.9,2.8,#f16d38,70.3,13.1,1
2,0,76.5,6.0,#f29427,65.5,8.3,1
0,0,75.5,2.5,#f6a045,60.8,11.5,1
2,1,73.1,5.5,#ebeb6a,68.8,19.0,2
1,1,85.3,1.4,#f08b2a,76.7,15.1,1
0,1,65.7,0.5,#d2eb3b,57.0,10.9,2
1,0,50.0,1.8,#dacb41,83.5,9.6,2
2,0,88.9,2.4,#ec1d10,58.4,16.3,2
0,1,90.6,1.8,#ee6428,57.5,19.4,3
0,0,64.4,1.0,#aee963,80.8,14.1,2
1,0,81.7,0.2,#f67019,71.2,17.4,1
1,0,79.1,0.5,#f98615,72.0,11.2,1
2,0,62.7,3.0,#83fa3d,82.2,13.9,2
2,0,86.9,9.6,#f33116,50.5,8.8,3
0,0,66.8,0.5,#baec13,80.0,16.3,1
0,1,94.3,4.1,#e8652c,69.3,12.7,2
1,1,65.3,1.0,#e5da72,78.5,11.6,1
2,1,73.2,0.3,#e0df4b,68.5,15.9,1
2,0,50.0,0.0,#24e30e,75.6,13.0,2
0,1,56.5,7.1,#c7e50d,78.9,6.3,3
2,0,76.6,0.2,#f69320,66.3,10.7,1
1,1,91.2,4.9,#f25e1f,71.3,13.8,2
0,0,51.9,1.3,#6ed032,95.0,23.2,3
1,0,69.4,1.3,#f9e324,67.8,11.2,1
0,1,67.9,3.1,#cde155,76.1,10.2,1
2,0,93.4,4.2,#f92316,50.6,11.8,3
1,0,65.2,0.5,#faeb5e,70.1,5.0,1
1,0,75.9,0.2,#f9a418,85.3,12.1,1
1,0,79.8,1.4,#f87706,53.1,21.7,2
2,0,74.9,4.8,#f5ab3a,77.7,22.6,1
2,1,61.6,2.8,#caeb45,65.6,16.8,2
2,0,76.1,2.7,#f99e2c,71.0,11.9,1
0,1,69.2,2.3,#d1e556,65.1,5.1,2
1,0,61.3,10.5,#ecde5d,81.0,15.6,2
0,0,82.7,0.6,#f96b2e,75.6,15.5,1
2,1,74.9,2.4,#e6d363,61.0,22.5,2
0,0,86.8,4.9,#f66c31,63.0,5.0,2
1,1,83.8,0.5,#f6941c,73.8,8.1,1
2,0,71.4,0.1,#f9e73f,60.0,13.3,1
0,0,68.9,5.1,#dfe65a,66.3,11.3,1
1,1,85.1,2.1,#e19e5b,58.8,6.8,2
2,1,63.9,4.2,#c6ea35,88.0,14.8,3
0,1,87.2,1.1,#f37037,71.0,13.0,1
1,1,61.7,0.2,#f1dc1d,70.1,9.6,2
1,0,82.5,11.4,#e4641c,67.7,14.3,1
0,1,76.2,5.0,#eaba37,76.6,9.9,1
2,0,69.5,0.7,#dee93e,75.9,12.8,1
0,0,100.0,33.9,#f06427,49.7,16.9,3
2,0,73.7,0.4,#fac647,72.4,5.4,1
2,1,86.7,1.3,#e5712d,67.1,16.9,1
1,0,91.2,0.6,#f9472f,70.5,5.2,2
0,1,61.5,3.7,#d3ee2d,65.5,5.0,2
0,1,76.8,0.0,#e0a820,67.4,5.0,1
2,1,100.0,0.0,#f35e2f,57.2,22.1,3
2,1,81.0,0.6,#ea9c27,68.8,17.5,1
1,0,53.7,0.6,#bdaf2f,90.6,7.9,3
2,1,91.4,1.8,#f95c2a,77.7,13.8,2
2,1,88.8,3.2,#ee7848,50.3,7.9,3
2,0,67.6,2.3,#c4e844,87.0,12.1,2
2,1,81.2,0.2,#e39628,63.9,10.4,1
1,0,76.7,0.6,#f9a429,78.3,19.9,1
2,0,63.8,1.4,#98ee4f,83.5,11.6,2
0,1,58.7,5.2,#b7cc36,94.4,12.0,3
0,1,87.6,1.3,#d54f16,76.0,5.0,2
2,1,74.3,3.5,#e8da58,57.6,14.3,1
0,1,64.3,1.7,#d6ec4f,75.5,8.8,2
1,1,77.9,0.7,#e4b714,73.1,14.1,1
0,0,56.2,1.2,#42e62a,78.1,7.6,2
0,0,100.0,0.6,#f05918,45.0,5.3,3
0,1,51.0,3.8,#cce339,77.3,14.0,2
2,1,55.9,1.7,#95b126,79.8,13.1,2
0,0,72.2,11.0,#ead17a,75.8,25.2,1
1,0,61.2,7.5,#e9dc6c,73.6,10.2,2
0,0,50.0,0.9,#45cc34,80.0,5.0,3
2,0,65.0,2.1,#b0ed63,75.5,18.6,2
0,0,72.5,2.9,#f7d56d,78.1,11.1,1
0,1,66.7,0.4,#d8f23b,83.0,7.5,2
2,0,74.5,1.3,#f9bf56,62.4,9.7,1
1,1,77.5,4.4,#eccb49,82.6,16.9,1
2,0,100.0,0.8,#f6362a,68.7,15.3,2
2,0,57.0,0.4,#1dcf19,83.3,11.8,2
1,1,77.4,0.4,#ecca3f,65.9,9.7,1
0,0,79.7,4.3,#f28347,50.5,11.1,1
1,0,50.0,0.1,#ddcd37,87.1,14.5,2
2,0,78.7,2.7,#f88628,72.1,9.4,1
2,0,64.1,6.9,#8fec39,68.6,15.5,2
2,0,72.5,5.9,#f3ca1b,80.9,13.3,1
2,0,79.0,1.3,#ed7515,57.2,5.0,1
0,1,91.7,1.1,#df5216,52.7,18.2,3
1,1,78.5,2.0,#eec440,79.8,10.2,1
1,0,56.1,0.3,#d4c433,79.1,12.2,1
0,1,63.6,6.0,#cde634,82.8,17.2,3
0,0,58.4,1.0,#5cbd1c,70.9,7.0,2
1,1,73.1,0.1,#ecda37,68.8,20.4,1
2,1,96.8,0.7,#f2450e,65.7,19.7,2
0,0,84.8,8.1,#ea6e39,67.8,14.0,1
1,1,56.1,1.8,#b7a820,83.6,14.9,2
0,0,74.1,3.6,#eab358,70.3,22.5,1
2,1,88.2,0.2,#ec6d33,65.8,12.3,1
2,1,96.9,12.3,#e84410,68.8,17.2,3
0,1,90.9,0.1,#f05614,47.0,14.3,3
1,1,55.8,4.8,#bfaf1b,81.3,19.1,2
2,1,87.5,0.7,#ed8048,68.5,9.1,2
2,0,72.1,7.6,#fae052,74.9,28.3,2
2,0,77.3,5.9,#d6720b,72.6,18.7,1
0,1,50.0,1.0,#b4ce17,82.3,11.2,3
1,1,72.5,2.8,#e5d861,75.6,18.8,1
0,1,71.4,4.7,#e4f806,78.7,7.7,2
1,1,73.3,0.5,#ecdd53,75.7,5.1,1
1,0,89.4,1.1,#f7351a,65.3,5.0,2
0,1,70.1,1.1,#d7f03b,72.1,10.2,1
2,0,52.3,3.9,#68d453,77.6,12.5,2
1,1,85.4,0.4,#e67b18,63.0,10.5,1
0,1,53.7,0.1,#acc030,88.8,22.4,3
2,0,96.8,5.2,#e13025,63.4,5.0,3
1,0,72.0,3.7,#e7d84c,64.1,13.3,1
0,0,81.5,0.9,#ef703a,64.9,12.2,1
0,0,53.3,0.1,#4fd74c,88.8,13.4,3
0,0,100.0,7.8,#f4743d,66.3,8.9,2
1,0,76.0,8.1,#f09e17,69.0,18.2,1
2,1,71.6,0.4,#cde810,66.8,13.1,1
1,0,68.5,20.9,#f8e009,78.2,8.8,2
2,0,61.3,1.5,#63f931,87.1,16.8,3
2,1,87.1,1.4,#e67537,76.0,19.0,2
0,1,81.2,3.2,#e69233,75.5,19.6,1
0,0,68.4,7.9,#ddec4e,75.1,14.7,2
1,1,89.3,4.0,#f86a24,56.9,5.0,2
2,1,97.2,0.5,#e46e49,61.2,14.0,2
2,0,87.2,3.4,#ec4530,49.4,5.0,3
1,1,90.6,1.6,#e27c50,68.0,12.8,2
0,1,52.0,0.5,#c1db1f,92.0,15.7,3
0,1,87.2,0.5,#e16631,71.4,11.0,1
2,0,91.7,6.5,#f21709,59.1,20.6,3
2,1,79.5,2.1,#eea921,72.5,16.5,1
1,1,100.0,0.8,#e66a35,57.0,11.0,2
0,0,74.4,0.1,#eab263,70.6,6.5,1
1,0,70.5,1.9,#f4e02c,70.9,18.7,1
1,1,81.6,0.3,#fab844,64.2,16.8,1
1,0,90.2,2.7,#f93419,40.0,11.4,3
1,0,85.5,2.9,#f94e18,60.6,12.8,1
2,0,100.0,7.5,#f31709,54.4,12.5,3
0,0,67.0,10.4,#c8f037,58.1,5.0,2
1,1,60.2,0.8,#fae73e,68.2,13.9,1
1,0,69.5,3.2,#ebda42,72.1,9.7,1
1,0,83.2,8.6,#f45a0d,70.9,15.1,1
2,0,66.7,20.6,#bef241,83.7,11.4,2
1,1,65.8,6.4,#e9da50,77.1,8.7,2
1,1,69.9,1.2,#e7d536,75.2,12.1,1
0,1,68.8,1.8,#cee541,81.8,5.2,2
0,1,60.0,2.7,#b6cc31,70.7,14.9,2
1,0,50.6,2.0,#ecd615,81.4,13.6,2
1,0,71.5,4.6,#e4d229,67.4,6.5,1
1,0,74.1,5.4,#d5a41c,86.4,15.7,2
1,0,95.5,4.7,#f4381e,62.7,8.5,2
2,0,91.0,9.3,#f33125,72.8,12.5,3
1,0,92.7,2.2,#ee523d,63.0,10.9,2
2,0,89.9,3.9,#f34e44,78.9,18.2,2
2,1,70.1,0.8,#c4e932,75.6,14.3,1
1,1,58.8,0.4,#d6c636,80.5,13.9,2
0,0,72.9,1.6,#e5ba4b,63.8,7.3,1
1,0,64.0,8.2,#d2c129,70.7,14.3,2
1,1,95.3,16.8,#e2622a,71.0,10.1,3
0,1,80.7,0.4,#dc8010,73.3,13.1,1
1,1,64.2,0.1,#e3cf19,89.2,10.6,2
2,0,82.0,2.4,#f06c2f,54.4,15.8,2
1,1,86.7,1.0,#e97924,67.0,8.3,1
0,0,86.4,3.4,#f36c33,65.1,18.5,2
0,0,64.5,0.1,#a5e64e,77.3,11.4,2
0,1,78.2,2.2,#f3a81b,61.3,16.8,1
2,1,91.9,2.1,#f44c17,59.7,5.0,3
1,1,67.3,3.2,#efdd3d,76.4,6.3,1
2,1,89.9,0.4,#ed5e30,68.4,8.0,2
0,0,66.6,4.9,#c0f322,60.5,5.0,2
2,1,93.9,0.7,#e55629,56.6,7.8,3
0,1,50.0,0.2,#ceed10,67.7,15.9,3
1,0,52.5,0.6,#ccbc2b,87.0,16.3,3
1,0,87.0,7.1,#f9532f,62.3,16.3,2
0,1,73.2,1.6,#e8dc2e,70.1,12.7,1
0,1,64.8,0.1,#e0f272,61.1,14.9,2
0,0,50.0,0.2,#56d91d,70.3,10.8,2
2,0,84.8,1.8,#e95c37,68.6,5.0,1
1,0,68.1,0.2,#e6d750,69.9,17.2,1
0,1,55.7,0.2,#cfec1d,74.0,16.5,2
2,1,82.7,0.1,#df7905,60.9,14.3,1
1,1,60.2,1.4,#e8d84e,69.7,11.0,1
2,0,80.5,0.3,#f77b2f,50.8,17.8,1
0,0,70.0,1.7,#ebe43f,64.0,5.0,1
1,1,65.3,0.9,#ebd93d,72.0,6.0,1
0,1,70.6,1.5,#cbe623,75.0,10.7,1
2,0,97.2,2.3,#f93023,72.0,8.3,2
1,0,93.8,9.7,#f4351b,40.0,12.1,3
2,1,53.9,3.6,#b3d721,90.6,13.1,3
2,0,63.1,0.9,#8cf943,73.0,10.8,2
0,1,94.3,1.0,#ec8458,58.9,5.2,3
1,0,60.4,0.2,#ead942,84.9,16.3,2
0,1,74.9,0.3,#e4cf7f,75.3,16.3,1
1,1,85.0,0.1,#e98726,57.4,11.8,1
0,0,74.1,11.0,#e4a236,62.7,7.2,2
0,1,72.6,3.6,#e8e437,79.5,16.1,1
0,1,59.3,6.0,#afc61e,85.3,10.8,3
1,0,81.4,0.2,#f97419,62.1,15.3,1
0,1,50.0,3.1,#afc431,74.2,5.0,3
1,1,75.0,3.1,#e4d127,73.6,9.7,1
1,1,63.7,0.2,#ecdb3b,61.5,16.6,2
1,0,56.5,1.2,#ead61c,75.8,13.8,1
1,1,73.5,1.4,#e8d94f,47.1,18.2,2
0,0,64.5,3.5,#8cd924,87.6,17.5,3
1,0,74.2,6.5,#f5cc62,72.8,15.3,1
1,1,63.3,3.4,#e9db5f,83.1,20.4,2
1,0,80.8,2.2,#f98631,61.0,15.6,1
0,0,59.4,3.6,#54cd13,82.7,13.9,2
2,0,68.3,20.5,#cef021,65.4,10.8,2
1,0,86.3,7.5,#f7653f,63.6,18.0,2
1,0,83.0,4.0,#f27c3f,69.1,18.4,1
0,0,63.4,0.3,#80ec1a,84.3,11.1,2
1,1,81.3,9.4,#f4b032,73.9,9.5,1
1,1,61.4,1.8,#e8db68,90.7,17.8,2
1,0,57.1,1.3,#e7d63f,73.7,10.1,1
0,0,79.2,4.8,#e96b1f,68.1,10.5,1
0,0,95.0,2.1,#f45a18,49.2,6.3,3
2,0,77.1,16.7,#e07605,79.2,13.7,1
1,0,62.2,3.8,#decd36,85.5,13.7,2
2,0,64.9,3.0,#aef953,79.3,13.8,2
1,0,80.9,0.8,#fa9348,58.9,10.2,1
1,1,77.0,0.2,#f8cf12,62.2,12.4,1
2,1,80.7,1.5,#e8a53c,57.0,21.9,1
1,1,71.8,0.7,#f1e046,74.4,18.4,1
1,0,88.8,2.6,#eb4e39,55.7,5.0,2
0,0,87.1,0.1,#f06124,70.1,17.1,1
0,1,60.5,2.3,#cfef08,67.8,13.1,2
2,0,64.3,1.6,#92ed38,65.3,12.1,2
1,1,58.2,0.2,#d9ca3d,91.1,6.4,3
1,1,60.3,0.9,#d5c74c,80.6,9.4,2
0,0,67.6,2.6,#cce73d,72.1,12.4,1
2,1,79.1,1.8,#e9ae33,76.2,17.5,1
1,1,65.2,0.1,#f1e043,62.3,8.0,2
2,0,73.5,3.5,#f5b509,72.9,13.4,1
1,1,50.0,0.6,#cfc03f,74.4,7.1,2
1,0,52.6,2.2,#dbc81d,95.0,8.6,3
2,1,72.4,1.9,#dbe548,78.0,13.0,1
1,0,68.8,0.8,#e4d54e,59.2,11.7,1
2,0,88.3,0.1,#f72819,61.0,6.1,2
2,0,72.3,6.3,#f0d44e,75.9,16.0,1
2,0,70.9,1.7,#f2e72f,76.5,5.0,1
2,1,50.0,0.7,#b4d62c,76.7,12.0,2
0,1,100.0,4.7,#f9682a,58.1,22.5,3
0,1,83.9,5.9,#eb873d,52.4,12.6,2
0,0,89.7,0.3,#e2591f,76.8,5.0,2
0,1,70.1,0.4,#dff74b,65.0,5.0,2
0,0,84.3,3.2,#f96c2f,65.0,11.1,1
0,0,69.6,5.5,#f0ee43,68.7,5.1,2
2,0,69.6,4.7,#f2f963,58.7,14.2,1
0,1,82.1,0.1,#e98f37,76.7,5.0,1
0,1,77.4,0.3,#eca918,81.9,9.1,1
2,0,61.6,4.0,#71f540,66.8,8.4,2
0,0,65.8,0.9,#b4e646,61.3,12.2,1
2,0,76.5,5.2,#e99026,60.5,12.2,1
0,0,83.8,0.3,#f05614,70.1,7.9,1
2,0,53.7,0.9,#41c825,81.6,7.6,3
2,1,73.4,1.9,#e5e01e,72.6,7.1,2
1,0,68.4,4.9,#f9e63b,79.9,9.1,1
2,1,66.9,0.6,#dafa59,89.4,5.9,3
2,0,90.8,5.3,#f8281a,62.4,18.2,3
2,1,55.0,1.7,#c9ea45,86.0,14.4,3
1,0,74.4,4.8,#f4bd34,68.1,14.3,1
2,0,100.0,1.2,#f43f34,63.8,8.0,3
2,0,54.3,11.7,#40e434,74.7,15.8,3
1,1,84.7,1.0,#ef8618,69.4,20.1,1
1,0,50.0,1.7,#f0dc21,78.5,5.0,2
2,1,86.4,4.9,#eb8747,58.8,5.0,2
0,1,57.6,1.1,#c2d740,74.0,10.1,2
0,0,85.8,7.9,#f06a30,67.3,12.7,2
0,1,75.1,1.9,#dcb326,70.2,16.9,1
1,0,64.6,0.5,#efde4b,84.8,15.9,2
2,1,91.3,3.4,#e95c30,63.2,13.2,2
2,0,68.8,3.6,#def531,77.4,16.9,1
0,1,96.9,0.8,#e47d51,58.1,11.2,2
1,0,80.0,4.8,#ed7f22,55.1,16.5,1
1,0,69.6,7.1,#ecde58,64.4,16.8,2
1,1,76.1,7.2,#edd12d,59.2,12.5,2
1,1,65.9,0.2,#e8d638,73.5,9.0,1
0,1,50.0,3.1,#d8f529,79.7,7.8,3
1,0,76.8,5.3,#e59c35,75.4,11.4,1
2,0,66.8,6.9,#c3f93b,66.5,5.0,2
1,0,73.3,5.2,#f5d246,63.5,15.8,1
0,1,59.0,0.1,#cde632,84.2,7.9,3
1,1,87.0,0.9,#ee9251,59.1,17.7,2
2,1,78.4,0.0,#eebd48,68.2,13.5,1
1,0,62.2,2.6,#f6e442,71.9,5.0,2
2,1,70.8,0.7,#bfdf3e,74.0,5.4,2
2,1,52.4,3.2,#bbdc3a,75.5,10.4,2
2,1,75.9,0.7,#e9c11b,65.6,10.1,1
2,0,82.0,1.6,#f9621b,65.0,6.5,1
1,1,68.1,3.2,#e7d741,73.4,12.4,1
1,1,100.0,6.9,#ee7b4a,70.6,15.8,3
1,0,87.1,4.4,#f46648,56.4,10.8,2
2,1,64.8,0.4,#c0e23a,81.5,14.3,2
2,0,78.5,6.8,#fa9d4e,69.6,5.0,1
2,0,50.0,3.0,#5ef92f,84.2,14.7,2
2,0,90.5,7.2,#f9392c,63.7,15.4,3
1,1,78.2,0.5,#f9ca28,67.8,15.9,1
0,1,100.0,1.0,#eb6d37,68.8,11.3,2
1,0,87.6,0.1,#ea3917,72.9,12.7,1
2,0,69.9,1.8,#e6ea40,64.1,11.8,1
0,1,79.8,4.2,#f9ac3e,86.9,9.6,2
0,0,68.6,1.4,#e8f927,76.3,11.3,1
2,0,76.0,2.6,#f19c2f,67.0,11.9,1
1,1,61.5,0.5,#f4e348,62.3,14.4,2
0,1,63.0,3.2,#d0e070,71.6,12.8,2
1,1,78.9,3.2,#edc141,67.1,9.2,1
1,1,63.1,1.7,#f5e44b,70.1,5.0,2
2,0,81.1,5.4,#e9702d,66.3,14.7,1
1,0,72.7,4.5,#f7d932,58.2,10.7,1
1,1,68.0,6.7,#eeda25,75.0,18.1,2
2,1,99.3,3.3,#f25827,61.0,18.2,3
1,0,56.0,7.2,#d6c631,89.3,9.0,3
2,1,50.0,0.3,#b3d043,78.2,16.1,3
0,0,85.2,0.6,#e84d0b,70.3,14.5,1
1,1,73.6,0.7,#eedf5a,62.1,18.6,2
0,0,77.0,6.0,#f49340,77.3,17.1,1
0,1,60.0,0.2,#d0ea32,82.2,11.2,2
0,0,50.0,0.9,#72d831,77.2,9.0,2
0,1,86.4,1.2,#ec8453,67.8,5.0,2
1,1,50.0,2.0,#ccbb24,87.3,10.8,3
1,1,91.7,1.4,#f38555,64.7,11.5,2
2,1,55.7,0.1,#bcd84e,79.9,12.6,2
2,0,68.6,0.1,#ddf933,69.1,5.0,2
1,1,98.0,1.9,#e1581e,49.5,10.6,3
1,0,62.2,4.9,#f3e458,67.9,17.0,1
2,1,61.9,2.4,#b5d148,67.3,16.4,2
0,1,74.5,1.5,#e0c032,71.8,17.7,1
1,0,70.7,3.3,#f3e144,67.8,12.6,1
2,1,87.9,2.8,#eb7035,52.6,12.8,2
0,0,69.1,0.8,#e3e94c,75.3,6.1,1
0,1,90.8,1.4,#ee510e,61.4,10.8,2
0,0,92.5,1.0,#f26123,64.4,9.1,2
1,0,83.9,1.4,#f35b1a,79.2,5.9,1
2,0,69.2,6.0,#ccd756,65.8,5.8,2
0,1,83.5,5.2,#e6751c,54.3,9.2,2
1,1,70.4,0.9,#e9db59,61.7,16.9,1
2,0,83.5,3.1,#ec6b3e,63.4,24.9,1
2,0,66.7,9.0,#b2e539,66.4,19.3,2
0,1,57.5,5.0,#cfe832,73.9,11.0,2
2,0,72.4,0.0,#f9dc58,70.4,10.1,1
2,0,90.5,5.3,#f4493e,65.2,11.3,3
1,1,85.3,1.3,#f4953a,57.3,11.1,1
0,1,84.4,0.5,#ef721d,72.8,12.4,1
0,0,50.0,3.2,#7ce944,83.4,17.7,3
2,1,71.8,1.1,#d5e747,58.5,10.3,2
2,1,80.7,0.3,#f9a521,70.1,11.4,1
0,0,76.1,0.1,#ef7e0f,68.9,15.6,1
2,1,64.4,1.6,#d3ef66,77.9,16.5,2
2,1,78.3,1.3,#f4b826,66.8,5.0,1
2,1,87.6,3.5,#f85a0a,46.5,7.9,3
0,0,95.0,0.3,#f95d1a,48.3,8.8,3
0,0,82.9,11.1,#f96a2d,80.6,14.9,1
0,0,77.2,0.1,#f98526,62.6,15.4,1
1,0,71.1,0.4,#eddb37,69.8,7.8,1
1,1,76.6,3.2,#edcc27,80.7,12.3,1
0,1,61.5,2.3,#d4ee35,73.5,9.6,2
1,1,66.4,3.3,#ebd93a,81.2,13.8,1
1,1,81.3,2.1,#eba118,64.5,14.7,1
0,1,51.4,0.2,#dcf63a,82.9,9.6,3
1,0,83.1,0.8,#ef6722,63.1,10.8,1
2,1,83.8,0.1,#e98a30,67.0,19.6,1
2,1,79.1,2.0,#edb746,67.3,5.0,1
1,1,76.0,0.6,#f0d949,62.3,10.3,1
2,0,95.7,0.6,#ee2013,66.1,22.9,2
1,0,60.1,4.7,#f6e01e,77.7,5.0,2
0,1,50.0,1.9,#a8bc2c,81.4,6.5,3
0,0,82.5,4.0,#ee5d1f,64.9,17.4,1
2,0,81.6,16.3,#f67839,86.7,5.0,3
1,1,60.9,1.4,#f9e63c,78.5,5.6,2
1,0,50.0,0.6,#ccbd33,80.5,5.0,2
2,0,69.6,5.4,#e9f34d,78.2,13.5,1
0,1,62.6,1.5,#dbec78,72.0,12.2,2
1,1,70.5,0.6,#e0cf35,73.3,17.0,1
0,1,84.7,0.2,#e3925e,67.5,8.1,1
0,0,81.4,0.3,#f85813,63.6,8.6,1
2,1,57.9,1.5,#bde423,74.3,16.2,2
2,0,59.0,19.8,#67d742,85.5,14.4,3
0,0,91.1,0.6,#f36f36,61.0,10.1,2
1,1,67.5,0.1,#f8e31e,53.8,13.0,2
1,0,79.3,0.3,#f38c29,50.3,10.3,1
0,0,93.8,1.3,#f85510,57.6,10.4,2
0,0,76.6,7.7,#f39138,62.8,11.6,1
1,0,65.4,1.9,#f5e344,62.2,10.9,1
0,0,92.7,3.4,#f45d1d,51.0,13.7,2
0,1,83.6,1.0,#ed802c,57.2,11.2,1
0,0,71.7,2.8,#f0d24e,77.3,9.5,1
2,0,63.2,1.5,#94f551,79.2,12.5,2
0,1,80.8,0.8,#e49d46,75.6,14.8,1
1,0,79.8,1.4,#f38524,64.9,15.2,1
2,0,69.1,0.9,#dceb49,70.2,11.9,1
1,0,80.0,1.1,#ee862d,74.9,17.1,1
1,0,66.5,8.5,#f1e260,78.7,10.2,1
0,0,55.1,2.5,#4dd538,58.6,21.0,2
2,1,70.6,1.5,#daf56f,93.6,11.1,2
2,0,65.0,0.8,#96f918,90.8,14.1,2
2,0,91.6,3.6,#f33b2f,54.7,15.7,3
2,0,69.1,5.4,#e0ef55,64.6,21.7,2
2,1,93.0,5.9,#e96136,65.7,11.5,2
0,1,74.1,4.5,#f6de50,77.4,7.2,1
0,0,96.7,0.7,#e85f24,64.4,6.6,2
1,1,92.6,0.2,#f25b1a,68.0,5.9,2
0,1,96.8,0.3,#ed5e21,52.3,10.6,3
2,1,71.0,0.9,#c8e63a,72.2,12.5,1
0,0,66.5,0.3,#ccf74d,75.3,18.1,2
1,1,71.9,2.3,#e6d859,82.5,5.1,2
2,0,85.6,22.7,#e7674c,63.8,18.9,3
1,0,68.2,7.7,#f8e213,64.1,21.2,2
0,1,69.8,0.4,#d2ec2e,81.8,5.7,2
0,0,75.3,7.2,#f29b3a,65.3,14.1,1
2,0,78.8,2.3,#f17f22,68.2,20.3,1
2,0,69.8,4.7,#ecf42e,61.8,14.1,1
0,1,91.4,1.1,#f16c33,58.6,9.0,2
2,1,100.0,0.5,#e6714c,57.4,12.9,2
0,0,87.2,6.6,#f67a46,60.8,10.8,2
1,0,100.0,2.8,#f5391f,60.4,11.3,2
2,1,87.8,0.3,#f85b0f,61.6,7.4,2
0,0,100.0,1.1,#ef5310,59.1,14.0,2
1,0,61.7,14.0,#edd924,84.3,7.4,2
2,0,80.8,0.8,#ec7c3b,74.5,15.7,1
2,1,90.1,0.2,#ed4712,56.2,16.5,2
1,0,85.6,1.1,#e64311,54.5,5.8,3
2,1,91.3,0.3,#f15e2f,57.8,9.6,2
2,1,79.7,0.7,#f6a715,64.4,18.2,1
1,0,88.9,2.8,#f04831,67.4,14.8,1
1,0,65.3,1.2,#eeda25,89.8,16.9,2
0,0,85.8,4.5,#e34c0b,81.5,8.1,2
1,0,72.0,2.6,#f2e468,74.8,7.2,1
2,0,82.1,0.7,#f9641f,70.9,13.0,1
0,0,65.2,5.6,#abd75e,70.5,13.9,2
1,1,61.6,0.9,#ecdd54,73.7,14.0,1
1,0,64.1,11.1,#f3e24e,73.3,9.6,2
0,1,78.9,0.3,#f39c0c,66.0,17.1,1
1,0,81.6,2.8,#f77620,48.2,15.9,1
2,0,50.0,2.0,#50e322,69.0,7.1,3
0,1,52.4,2.4,#b3c832,79.2,10.0,2
0,0,61.7,2.1,#87ec51,61.0,5.0,2
0,0,86.1,13.7,#e85d21,62.4,5.0,2
0,1,78.4,0.5,#dc9616,67.6,12.6,1
0,1,75.9,1.7,#f6bf1e,61.8,14.8,1
2,1,59.7,0.5,#96b41e,73.9,10.4,2
0,0,74.1,9.6,#ee9c17,73.1,17.0,1
1,1,87.4,1.5,#ec7729,72.6,10.1,1
0,1,97.8,0.3,#f47b47,66.0,13.4,2
2,1,74.9,0.7,#f8e05b,64.8,13.7,1
2,1,50.0,6.0,#b3d334,79.7,13.1,3
1,1,78.2,0.4,#e7bd32,82.7,6.8,1
1,0,79.5,21.1,#f59e4e,72.1,13.6,1
1,1,74.3,0.1,#e8d73b,71.6,12.2,1
1,1,87.1,1.7,#e97624,70.9,5.0,2
0,1,64.8,0.3,#dbf34a,68.7,18.0,2
2,0,86.5,4.8,#ef391c,60.8,14.5,2
2,0,78.7,1.2,#e96c05,66.7,15.3,1
1,0,84.5,4.8,#f0581d,86.8,16.1,2
1,0,64.7,1.8,#f9e42c,84.7,12.2,1
1,1,50.0,0.0,#c3b222,67.8,20.0,2
2,1,63.2,0.4,#d5ef6f,66.3,10.5,2
0,1,89.3,0.7,#ed5a1b,60.1,9.8,2
0,0,73.4,6.7,#ecb33e,69.3,12.9,1
0,1,75.0,7.5,#f6c51c,65.2,5.0,2
0,0,94.3,0.3,#f97137,50.3,15.9,3
0,0,77.1,6.2,#f87a10,69.1,7.0,1
0,0,50.0,1.7,#41de18,74.3,11.4,2
1,0,75.7,1.3,#f9b033,69.0,11.9,1
2,0,63.1,2.8,#82f236,76.0,18.2,2
2,0,54.6,6.9,#21c41d,69.9,13.4,3
1,0,55.8,0.3,#dcc811,77.9,5.0,2
0,0,50.0,1.1,#29c217,76.8,7.7,3
0,1,72.5,2.6,#eeec55,73.7,8.5,1
1,0,77.9,7.8,#f7a542,62.7,14.1,1
1,1,65.7,1.0,#dfd041,92.1,15.5,2
1,1,78.3,1.3,#f4bf0a,72.0,20.1,1
0,0,89.5,5.3,#f76222,67.0,7.4,2
2,0,82.3,2.8,#f65f1c,76.0,18.5,1
0,1,87.8,0.3,#ed4b06,62.1,17.8,2
1,0,80.7,0.9,#f5791c,73.0,12.6,1
0,1,50.0,0.1,#a4b825,79.0,5.0,3
0,0,56.3,4.6,#3acf1d,78.9,9.8,2
1,0,52.5,9.1,#eddb39,86.5,19.7,3
2,1,79.2,1.6,#e2ab3a,68.6,9.9,1
1,1,71.8,0.1,#f1e25f,73.1,15.1,1
2,1,74.1,1.8,#e6d849,60.2,7.8,2
1,0,71.8,4.4,#f4e133,79.4,7.5,1
2,1,88.1,3.3,#f96d2c,68.7,18.8,2
1,1,75.0,1.2,#e2d34e,58.8,11.3,1
2,1,85.3,2.5,#e48944,53.8,9.8,2
0,0,71.9,0.6,#f7d448,71.8,13.0,1
2,0,78.6,0.3,#f88a2e,65.5,12.7,1
0,1,80.5,2.7,#f49a27,55.7,15.7,1
0,1,95.8,7.0,#f2672b,67.0,16.5,3
2,1,91.3,0.6,#ea5526,55.8,12.0,2
2,0,93.5,5.4,#f53024,45.3,15.5,3
1,0,58.2,4.4,#d9ca42,63.4,11.3,1
2,1,86.8,1.8,#e46115,77.4,7.0,2
1,1,78.9,0.2,#e7bf4a,70.7,20.1,1
0,1,81.6,7.3,#e7953e,65.1,22.6,2
1,0,72.5,7.6,#d8c85b,81.4,7.4,2
0,1,63.9,0.3,#d1e365,87.8,5.0,3
2,1,72.7,0.1,#e8ed49,86.3,5.0,2
2,1,79.4,1.3,#e5ae42,63.2,12.9,1
2,0,81.4,0.4,#ef6f2b,69.6,22.1,1
0,1,51.6,0.3,#9cb11c,91.2,15.2,3
0,1,71.9,2.5,#e4e969,69.5,15.8,1
0,1,76.3,0.1,#f8b80d,64.8,5.0,1
1,1,78.2,2.3,#e4bc34,61.3,16.5,1
1,0,60.6,7.4,#e3d346,60.9,5.1,2
1,1,79.6,0.3,#f9bc21,65.8,5.0,1
2,1,89.9,1.0,#eb6a41,72.9,9.7,2
1,0,82.5,0.2,#f67227,76.0,14.6,1
1,1,100.0,0.1,#f15e1f,80.2,20.2,3
1,0,84.5,0.9,#ec6a37,69.8,5.0,1
1,1,64.3,2.2,#f2dc16,63.2,7.4,2
2,0,57.1,2.0,#4df814,85.1,7.1,3
1,0,59.9,2.1,#ebd619,80.0,14.4,1
0,0,96.0,0.1,#f67138,60.8,11.2,2
2,0,77.9,2.1,#f57f0f,61.7,14.8,1
0,0,58.2,4.7,#5ce934,82.0,15.3,2
1,0,91.0,35.1,#ef361c,64.7,24.8,3
2,1,85.5,1.2,#f1893f,58.6,9.5,2
1,0,82.9,9.4,#ee6822,72.2,6.7,2
2,1,84.0,0.3,#e78b36,77.6,5.0,1
2,1,68.5,2.7,#b3d529,84.7,7.9,2
0,0,69.6,4.2,#e6e535,87.6,17.8,2
2,0,97.1,5.9,#e41b0e,52.4,17.4,3
1,0,63.4,0.0,#f1e365,72.9,9.5,1
1,1,77.2,1.3,#f3ce2e,69.1,9.4,1
1,1,78.5,2.2,#f2c023,68.5,7.6,1
1,1,56.6,0.2,#d1c347,92.9,20.0,3
1,1,73.2,0.7,#f7e32d,77.9,5.0,1
1,0,74.3,10.0,#f0c044,59.1,16.0,1
2,1,60.1,3.4,#c3e33f,82.8,15.2,2
0,1,61.6,0.6,#cde43b,89.7,9.5,3
1,1,69.5,0.4,#f4e34c,67.3,16.4,1
0,1,63.4,0.7,#d7f040,67.9,10.0,2
1,0,83.1,10.6,#f26822,46.7,5.0,2
2,1,72.1,0.1,#d8e263,74.8,13.8,1
1,1,76.1,0.4,#ecce1d,61.8,9.9,1
2,1,62.2,1.6,#ccef3e,92.4,17.7,3
0,0,100.0,5.4,#e65314,66.2,11.2,2
2,1,65.9,5.1,#bed951,74.4,19.9,2
1,0,75.5,4.2,#f5aa24,65.0,9.3,1
0,1,80.8,4.2,#d78727,72.1,5.0,1
0,0,76.2,2.9,#f48f2e,68.4,5.1,1
1,0,83.6,7.4,#f85307,54.4,11.3,2
1,1,70.5,1.4,#eade6f,69.0,14.6,1
0,0,84.3,0.9,#f86121,67.7,13.4,1
2,0,63.3,0.6,#82d746,69.6,21.0,2
2,1,90.0,0.9,#eb5c2f,66.0,9.9,2
2,0,60.6,2.5,#5fe13f,70.9,8.9,2
1,0,82.3,2.8,#f17831,64.6,8.8,1
0,1,62.0,3.3,#d6f22b,89.4,12.9,3
0,1,70.2,0.3,#d2e466,85.9,20.3,3
2,1,86.4,1.4,#e37a39,60.2,15.2,2
0,0,84.3,2.4,#f17039,51.4,10.8,1
1,1,70.6,1.5,#f1dd28,53.7,22.0,2
2,0,64.8,1.4,#97e240,75.4,16.0,2
2,1,75.6,0.6,#ecc517,51.1,15.4,2
1,0,100.0,0.2,#f34128,55.1,19.9,3
2,1,62.5,3.1,#badc34,83.3,9.0,2
2,1,64.3,1.9,#ccee44,68.2,15.4,2
2,1,65.8,2.7,#c5ec29,65.0,13.4,2
1,1,67.4,1.5,#ebda42,73.5,8.1,1
1,0,75.8,3.0,#f6b342,70.9,16.3,1
2,0,88.4,2.6,#ef372a,74.9,19.1,2
1,1,97.0,3.2,#e6632b,63.3,12.4,2
2,1,96.5,0.8,#f95c2a,73.5,5.9,2
2,0,75.5,7.4,#ea8c0b,67.4,11.5,1
2,0,55.3,5.2,#4fdb25,82.4,5.0,3
0,0,60.5,13.2,#5fea33,54.3,5.0,3
2,0,73.9,1.1,#efc057,76.9,12.7,1
0,0,76.8,5.5,#ec8225,61.0,12.2,1
0,0,66.4,1.8,#c8ed64,70.3,5.7,2
0,1,72.5,3.5,#e8e74d,71.5,10.7,1
2,1,99.5,7.7,#df6a45,54.4,23.1,3
1,0,89.8,0.0,#ef3f27,46.4,14.7,2
0,0,62.0,4.7,#81f33f,74.1,16.5,2
1,0,78.5,2.5,#eb9130,63.2,5.0,1
2,1,80.7,1.0,#f19e19,75.8,10.2,1
1,1,86.9,2.8,#d16b20,57.6,21.4,2
0,0,76.1,6.6,#f98b20,74.4,13.4,1
1,0,70.8,0.2,#faeb65,74.4,15.8,1
2,0,58.0,1.5,#30d92b,85.5,7.1,3
1,1,58.9,1.0,#d3c441,78.7,13.7,1
1,0,81.7,1.0,#ea650f,79.9,14.9,1
1,1,65.6,1.9,#e7d745,86.7,22.6,2
2,0,96.1,1.9,#f21e10,57.8,13.5,2
0,0,61.2,5.0,#7ffa4b,69.2,14.7,2
1,1,60.1,0.5,#eeda26,90.3,15.1,2
0,0,62.7,6.5,#8de74b,77.7,21.7,3
2,1,64.8,0.1,#b6de15,80.6,7.9,3
0,1,77.6,0.4,#eeb02f,59.8,18.0,1
0,1,100.0,0.1,#e76934,68.4,10.8,2
2,0,76.3,8.5,#ed9c3b,70.8,9.9,1
2,1,53.9,0.4,#a1c21d,68.6,5.0,3
0,0,91.3,8.5,#ea591b,57.0,13.4,2
2,0,65.4,0.7,#ace953,85.2,25.0,2
2,1,95.4,0.7,#f24109,58.4,11.2,2
0,0,78.3,1.3,#f56e11,57.5,18.1,1
2,0,55.4,3.3,#2bc91b,66.6,9.8,2
2,0,74.1,15.3,#ebb444,72.0,9.7,1
0,0,76.7,7.7,#f68a29,60.5,17.1,1
0,1,100.0,4.3,#f26528,48.5,12.1,3
2,0,77.3,4.8,#f68a1a,72.3,16.0,1
2,1,65.8,1.6,#cee865,74.7,11.4,1
1,0,78.6,0.5,#f3850f,67.3,15.0,1
1,1,80.1,3.5,#efb42e,60.3,9.2,1
0,1,87.7,3.2,#f55410,66.3,12.6,1
1,1,80.2,0.6,#f3b21f,76.6,8.3,1
0,0,53.1,0.5,#61cd3a,84.0,15.4,3
2,1,72.7,1.0,#d7dc4e,72.3,15.0,1
2,0,78.3,7.4,#f07306,70.0,14.4,1
1,1,95.5,3.6,#f4733c,62.4,9.0,2
2,0,76.5,3.0,#f19830,64.2,20.3,1
2,1,86.7,2.7,#f66610,73.7,17.1,1
0,0,98.9,3.3,#f06b32,64.1,16.7,2
1,1,57.3,1.4,#c9b81b,83.3,5.0,2
2,1,94.0,0.8,#e2562a,45.2,9.3,3
0,0,74.1,7.3,#f1a122,72.3,12.7,1
1,1,95.5,4.8,#f36021,59.2,20.3,3
0,1,70.2,0.7,#d1ea39,73.6,11.8,1
0,1,68.8,0.8,#d4ee2f,66.2,13.6,1
0,0,90.8,0.1,#f86323,69.7,14.5,2
0,0,82.7,5.1,#f45f1f,72.1,14.5,1
0,0,92.0,0.1,#ec703b,65.6,19.3,2
0,0,68.0,7.6,#e8fb69,85.8,14.4,2
0,0,75.7,3.6,#f7850e,69.3,15.8,1
0,1,87.4,0.8,#ec6d37,69.1,12.7,1
0,0,100.0,1.9,#ef6f38,67.7,9.8,2
2,0,76.0,0.0,#f19827,67.3,8.8,1
2,1,86.5,0.1,#e37d3d,57.9,13.9,1
2,1,64.6,0.9,#cef044,74.3,8.9,2
0,0,95.7,0.9,#f26123,63.3,16.2,2
0,0,69.7,2.6,#f6f464,76.5,7.3,1
1,0,67.9,3.2,#e2d55d,67.8,17.2,1
0,1,56.0,1.9,#bcd043,72.8,14.8,2
1,1,67.9,0.4,#e5d652,85.8,8.1,2
0,0,53.4,1.5,#2dd61a,95.0,12.2,3
0,0,57.4,0.1,#59df10,79.1,16.8,2
1,1,50.0,3.9,#d1c024,70.7,13.3,2
1,0,60.2,1.0,#f4e138,88.6,5.9,2
0,0,92.1,20.0,#ea4e0c,57.7,15.0,3
2,0,72.6,2.3,#fada54,56.9,19.5,1
2,0,95.0,4.3,#f43c30,63.7,20.7,3
2,1,50.0,0.8,#b2d622,82.8,9.3,3
2,0,76.5,2.0,#f99c2e,62.0,14.0,1
0,1,63.0,0.4,#d0e361,76.4,18.3,2
0,1,50.0,1.6,#c3d93d,67.5,19.2,3
1,1,56.8,0.0,#f7e436,69.8,19.9,2
0,1,97.9,0.2,#ef8c62,62.9,20.8,3
2,0,77.4,11.1,#f88611,64.4,16.0,1
2,1,75.9,4.3,#f9ce1e,71.4,5.0,1
0,0,51.1,4.6,#3cf10b,80.3,16.5,3
2,1,69.6,3.8,#bbe70e,79.0,6.4,2
2,0,75.0,3.9,#e5a036,74.5,15.3,1
2,0,71.8,5.4,#f2da35,75.7,19.0,2
2,1,64.2,0.7,#c9e94a,70.6,6.2,2
0,0,83.9,9.4,#f87036,57.4,9.6,2
1,0,84.1,7.0,#f86629,77.1,15.2,1
0,0,77.3,0.3,#e06f14,72.6,18.1,1
2,0,52.0,2.0,#3cdf13,89.6,5.6,3
2,0,86.0,3.8,#f54d2d,65.1,5.1,2
2,0,88.2,5.1,#ef4b3f,61.7,7.6,3
0,1,74.0,3.4,#efdf75,64.2,15.5,1
2,1,62.8,1.1,#d4ea7a,76.1,16.9,2
2,1,72.6,0.5,#eff659,68.5,12.7,1
1,0,53.4,1.4,#e8d41a,78.9,10.6,2
2,1,71.1,0.8,#d8ec73,74.3,9.1,2
2,0,76.0,12.2,#f3a138,74.5,5.0,1
0,0,59.5,1.3,#6fc42d,82.3,9.4,2
0,1,69.5,0.1,#c6dd3c,86.2,14.0,2
1,0,86.8,5.5,#ef4c26,71.7,5.0,2
1,1,82.7,0.5,#e59117,68.9,5.0,1
1,0,79.1,2.0,#f1861d,70.5,15.7,1
1,0,64.7,0.2,#f5e55d,74.9,5.0,2
1,1,72.0,0.7,#f5df13,66.2,7.5,1
1,0,81.7,6.2,#ed7324,72.3,9.5,1
2,1,85.3,7.2,#f88e3e,56.6,11.2,2
0,0,65.4,2.7,#aee93f,82.5,18.8,2
1,1,77.9,0.7,#ecc330,55.4,14.9,1
1,0,61.7,3.8,#efe275,91.1,11.7,2
0,0,73.2,16.0,#f3c865,80.6,8.9,2
2,1,67.9,4.3,#cce95a,62.0,12.6,2
0,1,81.2,0.3,#e78b23,57.2,14.4,1
2,1,98.9,0.5,#f25523,70.2,6.3,2
1,0,61.8,0.6,#e5d017,84.5,26.3,2
1,0,75.6,1.3,#f7ac28,67.4,15.8,1
2,0,65.6,3.1,#9ce923,75.7,19.0,2
0,1,71.6,0.2,#edf943,76.0,18.1,2
1,0,84.0,0.1,#ee4c06,58.1,6.5,1
0,0,84.9,9.9,#ed7e4e,61.7,15.0,2
2,0,62.9,2.3,#94ec5c,75.6,11.8,2
1,0,71.0,3.4,#f9e635,63.1,11.9,1
0,0,59.8,0.1,#33cb19,73.3,8.9,2
2,1,89.8,3.3,#f26333,65.0,5.0,2
0,0,50.0,4.4,#32e711,83.0,14.4,2
0,1,83.3,2.5,#e97d25,58.6,5.0,1
2,0,53.5,0.1,#67d352,86.7,10.0,3
2,1,77.8,0.3,#f4b60f,73.8,8.4,1
2,0,76.6,0.5,#f9911a,78.9,14.4,1
0,1,72.1,5.2,#d7dc09,62.7,14.9,2
0,0,82.7,0.1,#f7601f,65.8,18.3,1
0,1,68.1,3.9,#e3f56f,55.0,19.3,2
1,0,82.8,6.2,#ed7130,64.4,6.1,2
1,0,78.2,1.9,#f98e15,63.6,5.0,1
1,0,92.9,0.8,#f94027,60.6,5.0,3
0,0,84.0,5.8,#e64d0c,73.7,16.2,1
0,0,65.7,1.3,#baf145,83.0,9.7,2
1,0,63.6,0.0,#e7d214,78.3,10.3,1
2,1,88.0,2.8,#d45215,69.5,13.2,1
1,0,63.5,4.1,#e3cd09,75.0,9.2,1
2,0,63.3,3.8,#87f03d,76.4,8.7,2
1,0,53.5,13.0,#c0b129,85.1,10.5,3
0,0,80.6,9.5,#f45a13,72.2,10.0,1
0,0,82.1,4.6,#f67842,70.0,12.7,1
0,0,88.6,13.8,#e96a34,67.0,13.3,2
1,0,96.2,0.7,#d9250d,57.9,7.3,3
0,0,71.0,2.6,#efd831,67.6,10.4,1
0,0,79.0,7.8,#ea6514,59.3,10.9,1
0,0,77.4,3.6,#f98223,73.3,17.1,1
0,0,85.1,1.8,#f37139,62.8,6.5,2
0,1,63.0,0.3,#d5e571,75.6,8.2,2
1,1,75.7,2.3,#dfcb46,72.4,12.5,1
2,0,57.8,2.8,#5fd322,85.4,18.2,3
0,1,83.5,1.0,#f68f3e,66.2,5.1,1
2,0,56.2,0.3,#66f732,72.4,12.7,2
2,0,68.5,6.3,#dcf643,95.0,6.9,3
1,1,70.6,0.6,#efda1a,60.3,7.0,2
2,1,65.1,0.1,#c9e45a,70.9,11.1,1
1,1,77.0,0.5,#e0bb0f,49.9,13.7,1
0,0,82.4,4.4,#f95d1b,68.7,20.3,1
0,0,79.4,4.1,#e88851,62.8,11.8,1
0,1,75.5,1.9,#ecba1b,66.6,6.8,1
2,0,100.0,10.5,#e74035,57.1,12.4,3
1,0,91.4,0.5,#f65039,65.3,14.4,2
0,1,68.1,1.1,#ccdf5c,71.4,14.0,1
2,0,78.5,3.1,#f48b31,65.8,16.1,1
0,1,60.8,1.3,#c0da22,63.0,13.3,2
0,0,67.7,5.2,#d8f04f,72.4,7.1,2
2,1,50.5,0.1,#c5f506,95.0,14.5,3
2,0,88.5,12.2,#ef3428,54.2,7.7,3
