district,variety,month,green_ratio,yellow_ratio,orange_ratio,ripeness_stage,last7_days_rainfall,price_lkr_per_kg
Galle,Tainung,June,0.0046,0.1892,0.8062,2,619.7,302.16
Galle,Tainung,November,0.0161,0.1241,0.8598,2,461.9,301.44
Galle,Red_Lady,December,0.1079,0.1187,0.7734,2,599.3,320.4
Galle,Red_Lady,January,0.0373,0.2039,0.7587,2,132.9,318.75
Galle,Tainung,February,0.126,0.8303,0.0437,1,410.7,251.05
Matara,Tainung,July,0.0305,0.2164,0.7531,2,106.9,336.1
Matara,Tainung,March,0.0198,0.1053,0.8749,2,20.3,310.81
Hambantota,Red_Lady,November,0.1007,0.122,0.7773,2,80.3,321.08
Galle,Tainung,August,0.1595,0.3145,0.5261,3,637.0,92.02
Galle,Red_Lady,August,0.808,0.0772,0.1148,0,136.9,138.05
Matara,Tainung,September,0.1523,0.2447,0.603,3,305.4,128.37
Hambantota,Red_Lady,August,0.773,0.0996,0.1274,0,630.6,132.59
Matara,Tainung,April,0.0175,0.1641,0.8184,2,373.9,333.94
Hambantota,Red_Lady,November,0.1875,0.3126,0.4999,3,261.5,128.49
Matara,Tainung,March,0.1735,0.2284,0.5981,3,396.9,90.99
Hambantota,Tainung,February,0.1477,0.2504,0.6019,3,337.7,120.53
Matara,Red_Lady,March,0.1908,0.6695,0.1397,1,69.9,217.62
Galle,Red_Lady,January,0.017,0.2916,0.6914,3,623.1,135.28
Hambantota,Tainung,August,0.2363,0.2376,0.5262,3,220.6,107.32
Hambantota,Red_Lady,July,0.0749,0.8553,0.0698,1,581.0,201.76
Hambantota,Red_Lady,April,0.0723,0.1594,0.7683,2,141.3,296.42
Galle,Tainung,February,0.7086,0.2028,0.0886,0,370.3,143.3
Galle,Red_Lady,September,0.1393,0.7276,0.1331,1,208.4,243.08
Matara,Tainung,August,0.0495,0.1537,0.7968,2,398.7,321.56
Matara,Tainung,March,0.8367,0.0546,0.1087,0,50.6,147.77
Hambantota,Red_Lady,November,0.9424,0.0514,0.0062,0,486.3,154.23
Hambantota,Red_Lady,October,0.9349,0.0614,0.0037,0,557.6,130.51
Matara,Tainung,July,0.0146,0.3859,0.5995,3,507.8,139.79
Galle,Tainung,October,0.2726,0.2553,0.4721,3,353.8,106.53
Galle,Red_Lady,September,0.2601,0.2786,0.4613,3,515.8,133.95
Matara,Tainung,February,0.0688,0.7666,0.1646,1,480.1,234.28
Galle,Tainung,May,0.9072,0.0524,0.0404,0,563.3,138.8
Matara,Tainung,July,0.0493,0.1585,0.7921,2,333.1,333.13
Galle,Red_Lady,February,0.1644,0.6923,0.1433,1,463.0,229.36
Matara,Tainung,October,0.1976,0.6724,0.13,1,143.2,253.06
Galle,Red_Lady,March,0.8931,0.0453,0.0616,0,38.6,178.31
Hambantota,Red_Lady,September,0.0513,0.1979,0.7508,2,292.4,308.76
Hambantota,Red_Lady,August,0.0119,0.1321,0.856,2,488.7,296.52
Matara,Tainung,April,0.127,0.2302,0.6428,3,547.7,119.94
Hambantota,Red_Lady,August,0.7896,0.0509,0.1595,0,370.9,150.05
Hambantota,Red_Lady,August,0.0643,0.9089,0.0268,1,503.6,223.01
Matara,Tainung,April,0.7827,0.0419,0.1754,0,158.2,133.81
Matara,Red_Lady,April,0.0785,0.7433,0.1782,1,195.3,248.4
Galle,Red_Lady,March,0.0535,0.3141,0.6324,3,130.1,95.62
Hambantota,Red_Lady,June,0.0501,0.9162,0.0337,1,395.4,253.63
Galle,Tainung,January,0.1484,0.6859,0.1657,1,508.9,197.68
Galle,Red_Lady,March,0.0613,0.2985,0.6402,3,467.4,113.23
Matara,Tainung,November,0.0174,0.117,0.8656,2,448.3,305.64
Hambantota,Red_Lady,April,0.094,0.8068,0.0991,1,364.7,249.4
Hambantota,Tainung,September,0.3042,0.2394,0.4564,3,58.6,142.56
Matara,Tainung,January,0.0689,0.1764,0.7547,2,58.5,335.07
Galle,Tainung,December,0.1599,0.3115,0.5286,3,408.2,149.44
Matara,Tainung,August,0.0344,0.9223,0.0433,1,588.3,196.91
Matara,Red_Lady,August,0.0216,0.1668,0.8116,2,593.6,331.92
Matara,Tainung,August,0.7572,0.0446,0.1982,0,565.7,142.15
Hambantota,Red_Lady,October,0.7724,0.0606,0.1669,0,394.0,178.67
Galle,Tainung,July,0.002,0.1085,0.8895,2,337.7,292.54
Galle,Tainung,December,0.8584,0.1273,0.0144,0,236.4,167.09
Galle,Red_Lady,June,0.9009,0.0429,0.0562,0,634.6,141.72
Matara,Tainung,October,0.0492,0.2776,0.6731,3,474.2,96.78
Hambantota,Tainung,November,0.0986,0.8922,0.0091,1,631.9,225.89
Matara,Tainung,April,0.7795,0.0509,0.1696,0,423.2,166.25
Galle,Tainung,December,0.0663,0.1495,0.7842,2,395.0,287.57
Matara,Tainung,September,0.9045,0.0864,0.0091,0,478.2,176.35
Hambantota,Tainung,July,0.0877,0.1613,0.751,2,436.6,291.33
Galle,Tainung,July,0.068,0.1194,0.8126,2,451.4,324.82
Hambantota,Red_Lady,November,0.0915,0.1405,0.768,2,600.4,326.95
Matara,Tainung,April,0.0638,0.2505,0.6857,3,647.9,148.02
Matara,Red_Lady,April,0.8297,0.1286,0.0417,0,521.8,140.21
Galle,Red_Lady,October,0.0027,0.1928,0.8045,2,499.9,276.46
Hambantota,Red_Lady,March,0.9406,0.0374,0.022,0,223.1,130.04
Galle,Red_Lady,November,0.0742,0.7992,0.1267,1,373.1,222.13
Matara,Red_Lady,October,0.1033,0.104,0.7927,2,374.3,317.68
Matara,Red_Lady,September,0.0291,0.1294,0.8414,2,154.5,310.98
Hambantota,Tainung,August,0.0702,0.6654,0.2644,1,428.6,204.47
Galle,Tainung,January,0.0338,0.9225,0.0437,1,185.1,197.86
Matara,Red_Lady,February,0.0695,0.1587,0.7717,2,41.3,328.85
Hambantota,Red_Lady,July,0.9464,0.0357,0.0179,0,275.3,160.85
Galle,Tainung,March,0.0117,0.1375,0.8508,2,465.9,287.57
Matara,Red_Lady,January,0.1511,0.7213,0.1276,1,637.4,241.39
Hambantota,Tainung,May,0.0349,0.16,0.8052,2,106.6,288.35
Matara,Red_Lady,June,0.8584,0.0898,0.0518,0,461.3,173.09
Hambantota,Red_Lady,November,0.1704,0.6771,0.1526,1,326.9,249.82
Matara,Tainung,December,0.7802,0.0654,0.1544,0,489.1,154.41
Hambantota,Tainung,November,0.1264,0.6622,0.2114,1,575.6,225.81
Galle,Tainung,February,0.0476,0.1008,0.8516,2,39.8,315.46
Galle,Red_Lady,March,0.1612,0.2608,0.578,3,91.0,147.69
Matara,Tainung,April,0.0439,0.1093,0.8468,2,551.3,284.08
Matara,Red_Lady,February,0.0964,0.2808,0.6227,3,608.8,140.21
Galle,Tainung,March,0.0267,0.931,0.0422,1,119.0,245.96
Matara,Tainung,January,0.0404,0.7523,0.2073,1,611.7,241.65
Hambantota,Tainung,August,0.0661,0.9274,0.0065,1,633.3,248.25
Hambantota,Tainung,June,0.0378,0.1735,0.7887,2,254.8,339.32
Matara,Tainung,May,0.9043,0.0665,0.0292,0,436.0,151.17
Galle,Red_Lady,August,0.1541,0.2635,0.5824,3,429.3,139.95
Matara,Tainung,January,0.1815,0.6779,0.1406,1,580.0,249.98
Hambantota,Red_Lady,November,0.0385,0.2864,0.6751,3,504.7,142.04
Galle,Red_Lady,February,0.7848,0.0947,0.1206,0,245.5,155.77
Hambantota,Red_Lady,May,0.8815,0.1094,0.0091,0,506.6,147.63
Matara,Tainung,May,0.0238,0.3044,0.6718,3,50.4,126.75
Matara,Tainung,November,0.0492,0.1045,0.8463,2,483.3,312.87
Hambantota,Tainung,May,0.1817,0.6985,0.1198,1,584.3,205.25
Hambantota,Red_Lady,March,0.1768,0.2216,0.6016,3,50.1,123.64
Hambantota,Tainung,November,0.1394,0.6804,0.1801,1,90.4,201.0
Matara,Tainung,October,0.1299,0.1193,0.7508,2,152.8,296.44
Galle,Tainung,June,0.0209,0.1468,0.8323,2,434.5,341.53
Galle,Red_Lady,November,0.0405,0.1117,0.8478,2,558.5,294.96
Galle,Tainung,January,0.1159,0.2561,0.628,3,298.0,101.13
Galle,Tainung,January,0.7813,0.1708,0.0478,0,249.5,172.7
Hambantota,Tainung,May,0.0253,0.3623,0.6124,3,370.8,122.79
Matara,Tainung,November,0.0222,0.1292,0.8486,2,536.3,311.15
Matara,Red_Lady,May,0.2404,0.2862,0.4734,3,215.0,142.36
Matara,Red_Lady,March,0.2198,0.2639,0.5163,3,346.9,101.84
Galle,Tainung,October,0.0526,0.2541,0.6933,3,580.2,129.43
Galle,Red_Lady,May,0.923,0.0597,0.0173,0,142.4,146.24
Hambantota,Red_Lady,November,0.066,0.8884,0.0455,1,226.1,218.32
Hambantota,Red_Lady,March,0.8442,0.0919,0.0638,0,351.4,137.29
Matara,Red_Lady,April,0.1511,0.35,0.4988,3,172.4,146.81
Hambantota,Tainung,May,0.1053,0.1026,0.7921,2,327.9,304.14
Matara,Red_Lady,March,0.0442,0.8436,0.1122,1,608.5,249.58
Matara,Red_Lady,June,0.0044,0.3105,0.6851,3,629.8,144.24
Galle,Tainung,February,0.0406,0.9245,0.035,1,411.5,234.11
Hambantota,Tainung,May,0.0363,0.2114,0.7523,2,606.4,323.13
Matara,Red_Lady,December,0.194,0.7785,0.0275,1,122.4,235.63
Matara,Red_Lady,May,0.9409,0.0548,0.0043,0,199.5,144.1
Matara,Red_Lady,September,0.0651,0.1408,0.7942,2,328.6,291.55
Galle,Red_Lady,November,0.0153,0.1071,0.8777,2,21.5,312.21
Matara,Red_Lady,March,0.1202,0.7008,0.1789,1,61.1,232.81
Galle,Tainung,March,0.0292,0.2868,0.684,3,257.7,126.01
Matara,Tainung,August,0.17,0.2375,0.5925,3,238.0,125.52
Matara,Red_Lady,December,0.0006,0.1572,0.8423,2,643.7,287.68
Matara,Tainung,May,0.2017,0.3133,0.485,3,363.1,107.67
Galle,Red_Lady,August,0.0695,0.9132,0.0173,1,244.3,243.32
Hambantota,Tainung,March,0.0463,0.3294,0.6243,3,232.9,96.89
Hambantota,Tainung,April,0.0679,0.1282,0.8039,2,293.6,339.46
Hambantota,Red_Lady,November,0.9023,0.0848,0.0128,0,649.3,130.25
Matara,Tainung,November,0.9168,0.0786,0.0046,0,145.0,172.01
Galle,Tainung,July,0.8278,0.1013,0.0709,0,109.0,130.03
Hambantota,Tainung,February,0.8996,0.0758,0.0247,0,348.2,148.04
Hambantota,Tainung,December,0.8755,0.1052,0.0193,0,89.1,179.48
Matara,Red_Lady,April,0.9225,0.0461,0.0314,0,416.1,132.39
Hambantota,Red_Lady,November,0.7939,0.0466,0.1596,0,217.4,136.37
Hambantota,Red_Lady,January,0.061,0.1023,0.8367,2,261.1,281.93
Galle,Red_Lady,September,0.1177,0.7897,0.0926,1,641.5,228.26
Galle,Red_Lady,April,0.152,0.3263,0.5216,3,640.9,123.87
Matara,Tainung,November,0.3157,0.2267,0.4576,3,229.6,125.19
Matara,Red_Lady,May,0.0796,0.2648,0.6557,3,510.0,146.55
Matara,Tainung,November,0.7318,0.1292,0.139,0,222.8,165.34
Galle,Red_Lady,June,0.1078,0.2497,0.6425,3,427.9,100.15
Galle,Red_Lady,January,0.0322,0.8369,0.1309,1,472.8,210.5
Matara,Tainung,September,0.0785,0.1638,0.7578,2,384.8,321.47
Galle,Tainung,June,0.8352,0.116,0.0489,0,282.8,151.2
Hambantota,Red_Lady,August,0.0036,0.3649,0.6315,3,336.5,92.26
Matara,Red_Lady,January,0.0766,0.8049,0.1186,1,587.0,230.61
Hambantota,Red_Lady,March,0.0957,0.2555,0.6488,3,499.7,91.64
Matara,Red_Lady,January,0.0341,0.7817,0.1842,1,146.8,242.43
Galle,Red_Lady,June,0.1933,0.6576,0.1491,1,311.5,242.13
Matara,Tainung,June,0.0075,0.1171,0.8754,2,432.8,280.92
Galle,Red_Lady,August,0.8022,0.0591,0.1387,0,327.3,170.28
Galle,Tainung,August,0.2458,0.265,0.4891,3,311.4,122.82
Hambantota,Tainung,December,0.0193,0.1483,0.8324,2,558.4,307.27
Hambantota,Tainung,December,0.1188,0.2662,0.615,3,603.8,121.36
Matara,Tainung,May,0.0018,0.105,0.8932,2,602.0,282.5
Galle,Red_Lady,April,0.026,0.1409,0.8332,2,533.0,305.28
Galle,Tainung,May,0.1805,0.2646,0.5549,3,222.0,140.74
Matara,Tainung,March,0.0234,0.1732,0.8034,2,305.3,277.35
Hambantota,Tainung,May,0.0409,0.6543,0.3048,1,285.0,247.99
Hambantota,Red_Lady,February,0.1382,0.1049,0.7569,2,555.7,315.87
Matara,Red_Lady,May,0.0716,0.9066,0.0217,1,345.4,231.13
Matara,Red_Lady,February,0.0376,0.7923,0.1701,1,426.6,254.54
Hambantota,Red_Lady,September,0.1052,0.7975,0.0973,1,233.7,205.71
Galle,Red_Lady,December,0.0981,0.702,0.1999,1,614.3,220.25
Galle,Tainung,November,0.7996,0.1349,0.0654,0,228.7,161.83
Matara,Tainung,November,0.1635,0.2278,0.6088,3,123.3,114.15
Galle,Red_Lady,August,0.1327,0.7624,0.105,1,328.3,209.69
Matara,Red_Lady,October,0.1734,0.8009,0.0257,1,586.7,232.55
Matara,Red_Lady,May,0.0416,0.8476,0.1108,1,115.2,205.88
Hambantota,Tainung,April,0.1356,0.6712,0.1932,1,405.7,253.16
Hambantota,Tainung,March,0.2179,0.3254,0.4566,3,499.0,95.53
Matara,Tainung,February,0.0038,0.1052,0.891,2,499.8,316.06
Matara,Tainung,July,0.1358,0.7665,0.0978,1,498.7,251.44
Galle,Tainung,July,0.0369,0.1443,0.8187,2,93.1,300.22
Matara,Tainung,March,0.0384,0.9324,0.0292,1,250.2,229.16
Matara,Red_Lady,March,0.0006,0.1053,0.8942,2,634.0,333.33
Matara,Tainung,August,0.2686,0.2325,0.4989,3,235.5,113.8
Galle,Tainung,October,0.7252,0.0335,0.2413,0,487.8,151.28
Matara,Red_Lady,March,0.1429,0.6783,0.1787,1,181.4,202.1
Galle,Red_Lady,June,0.0774,0.6714,0.2512,1,578.2,200.95
Matara,Tainung,October,0.116,0.2228,0.6612,3,374.2,92.96
Matara,Tainung,April,0.02,0.1078,0.8722,2,149.4,325.85
Galle,Red_Lady,May,0.175,0.3454,0.4795,3,605.5,115.48
Galle,Tainung,January,0.0212,0.3716,0.6072,3,181.2,130.42
Galle,Tainung,February,0.0078,0.1319,0.8603,2,521.6,315.11
Hambantota,Red_Lady,September,0.7705,0.0637,0.1658,0,154.4,175.59
Matara,Tainung,April,0.8877,0.0964,0.0159,0,222.6,134.83
Hambantota,Tainung,December,0.0336,0.9472,0.0193,1,416.0,203.88
Matara,Tainung,January,0.1598,0.7616,0.0786,1,169.1,230.19
Matara,Tainung,March,0.7852,0.202,0.0128,0,103.3,170.63
Hambantota,Red_Lady,March,0.0121,0.1091,0.8788,2,606.0,314.23
Galle,Tainung,June,0.8877,0.0921,0.0202,0,492.5,171.23
Galle,Red_Lady,March,0.7258,0.2015,0.0727,0,443.6,177.31
Matara,Tainung,June,0.0129,0.1613,0.8258,2,606.6,285.56
Galle,Tainung,July,0.0107,0.1913,0.798,2,194.9,318.69
Matara,Red_Lady,August,0.0906,0.101,0.8084,2,333.3,291.05
Hambantota,Tainung,December,0.0942,0.2295,0.6763,3,349.0,145.97
Hambantota,Red_Lady,April,0.0051,0.197,0.7979,2,138.1,304.95
Matara,Red_Lady,February,0.9377,0.0485,0.0138,0,386.9,159.84
Galle,Tainung,December,0.0949,0.2972,0.608,3,213.1,136.11
Matara,Red_Lady,June,0.0792,0.738,0.1829,1,95.4,239.06
Galle,Red_Lady,June,0.0401,0.3418,0.6181,3,172.3,130.51
Matara,Tainung,April,0.8979,0.0869,0.0152,0,263.5,134.96
Hambantota,Tainung,March,0.7228,0.1239,0.1533,0,500.4,164.31
Galle,Red_Lady,July,0.2167,0.3189,0.4644,3,291.9,125.44
Galle,Tainung,July,0.0598,0.3798,0.5604,3,132.4,103.71
Galle,Red_Lady,April,0.086,0.1114,0.8026,2,307.5,301.74
Hambantota,Tainung,January,0.1571,0.6929,0.15,1,223.3,242.33
Hambantota,Tainung,November,0.0515,0.1058,0.8427,2,445.2,330.44
Matara,Red_Lady,February,0.721,0.1632,0.1158,0,168.8,147.48
Matara,Tainung,December,0.1639,0.3679,0.4682,3,67.0,93.4
Galle,Red_Lady,January,0.0405,0.1036,0.8559,2,417.4,276.99
Hambantota,Red_Lady,September,0.1976,0.6755,0.127,1,446.5,203.7
Hambantota,Red_Lady,January,0.0591,0.1348,0.8061,2,481.8,317.72
Hambantota,Tainung,March,0.0067,0.3401,0.6532,3,240.0,98.09
Hambantota,Tainung,July,0.9465,0.0477,0.0058,0,371.7,138.29
Galle,Red_Lady,August,0.2209,0.235,0.5441,3,314.5,100.11
Hambantota,Red_Lady,December,0.8943,0.0723,0.0334,0,180.6,176.48
Hambantota,Red_Lady,April,0.0081,0.1783,0.8136,2,623.0,325.55
Matara,Red_Lady,March,0.1087,0.6834,0.208,1,476.5,227.29
Hambantota,Tainung,December,0.2428,0.3044,0.4528,3,152.3,127.77
Hambantota,Tainung,June,0.1273,0.1143,0.7584,2,578.3,324.48
Hambantota,Red_Lady,September,0.1369,0.6853,0.1779,1,43.8,243.63
Galle,Red_Lady,August,0.0598,0.3037,0.6365,3,390.4,124.17
Galle,Red_Lady,November,0.0355,0.9387,0.0258,1,80.8,246.57
Galle,Tainung,February,0.0141,0.1931,0.7929,2,195.6,337.45
Hambantota,Red_Lady,April,0.7559,0.213,0.0311,0,508.5,161.48
Galle,Tainung,April,0.703,0.2143,0.0827,0,530.5,161.83
Hambantota,Red_Lady,August,0.7108,0.1993,0.0899,0,46.8,164.28
Galle,Red_Lady,January,0.0193,0.3987,0.5819,3,99.9,131.81
Galle,Red_Lady,January,0.7184,0.1352,0.1463,0,325.7,158.23
Matara,Tainung,July,0.0405,0.9408,0.0187,1,463.4,254.45
Matara,Tainung,January,0.8573,0.1084,0.0343,0,141.8,176.88
Hambantota,Tainung,June,0.8136,0.1281,0.0582,0,469.5,165.61
Matara,Tainung,November,0.0062,0.1562,0.8376,2,296.8,294.76
Hambantota,Tainung,December,0.2681,0.2706,0.4614,3,319.3,98.37
Matara,Red_Lady,December,0.06,0.9351,0.0049,1,168.5,212.94
Galle,Red_Lady,April,0.8139,0.1268,0.0593,0,347.6,149.88
Galle,Red_Lady,August,0.0539,0.7332,0.2129,1,272.2,248.97
Matara,Tainung,June,0.8159,0.0844,0.0996,0,363.0,176.33
Galle,Tainung,May,0.8459,0.0396,0.1144,0,306.3,150.27
Hambantota,Tainung,May,0.0572,0.9423,0.0005,1,197.1,216.6
Galle,Red_Lady,November,0.8745,0.0812,0.0443,0,436.0,142.5
Hambantota,Tainung,April,0.1061,0.3665,0.5274,3,43.7,107.95
Hambantota,Red_Lady,September,0.133,0.2458,0.6212,3,145.8,114.15
Hambantota,Tainung,March,0.0181,0.3041,0.6777,3,312.2,106.63
Hambantota,Red_Lady,February,0.0527,0.9349,0.0124,1,478.2,227.66
Matara,Tainung,October,0.0811,0.834,0.0849,1,375.2,220.56
Galle,Tainung,July,0.0014,0.1087,0.8899,2,23.9,328.9
Hambantota,Tainung,March,0.3139,0.2247,0.4613,3,485.6,128.25
Matara,Tainung,November,0.09,0.3659,0.5441,3,492.5,143.12
Hambantota,Tainung,December,0.9468,0.0335,0.0197,0,434.2,134.18
Galle,Tainung,December,0.0377,0.1232,0.8391,2,48.4,306.24
Matara,Red_Lady,August,0.0529,0.941,0.0062,1,529.0,246.21
Matara,Tainung,May,0.9096,0.0583,0.0321,0,380.0,136.46
Galle,Tainung,August,0.0692,0.7744,0.1563,1,412.6,225.45
Hambantota,Red_Lady,September,0.1757,0.6669,0.1574,1,586.0,196.55
Galle,Red_Lady,February,0.0,0.3467,0.6532,3,50.3,109.12
Galle,Tainung,July,0.0359,0.2649,0.6992,3,508.7,116.9
Hambantota,Tainung,March,0.1138,0.8807,0.0055,1,451.7,216.66
Galle,Tainung,October,0.017,0.1056,0.8774,2,105.9,329.14
Galle,Tainung,May,0.0432,0.7852,0.1716,1,414.9,228.17
Hambantota,Tainung,August,0.0465,0.9362,0.0172,1,210.5,206.0
Galle,Red_Lady,October,0.7572,0.1576,0.0852,0,455.3,145.17
Galle,Tainung,October,0.1126,0.2828,0.6045,3,412.8,103.99
Galle,Tainung,August,0.1409,0.6841,0.175,1,221.7,202.31
Hambantota,Red_Lady,July,0.0164,0.1556,0.828,2,570.6,327.85
Hambantota,Red_Lady,August,0.83,0.1493,0.0207,0,550.1,177.25
Galle,Red_Lady,September,0.838,0.1041,0.058,0,565.2,169.38
Galle,Tainung,December,0.011,0.1075,0.8815,2,84.7,306.16
Hambantota,Tainung,November,0.7335,0.0355,0.231,0,24.0,151.82
Hambantota,Red_Lady,August,0.0536,0.3076,0.6388,3,324.9,136.59
Matara,Tainung,January,0.0349,0.1095,0.8556,2,343.3,322.88
Hambantota,Red_Lady,February,0.2933,0.2226,0.4841,3,349.6,148.07
Hambantota,Red_Lady,October,0.7876,0.1376,0.0748,0,475.4,134.49
Matara,Red_Lady,March,0.0987,0.7677,0.1336,1,534.4,209.29
Galle,Red_Lady,October,0.926,0.0453,0.0287,0,77.6,171.23
Galle,Red_Lady,December,0.0158,0.1571,0.8271,2,258.6,289.59
Galle,Red_Lady,February,0.132,0.769,0.0991,1,183.4,249.07
Matara,Tainung,June,0.0877,0.9087,0.0036,1,134.2,201.78
Hambantota,Tainung,July,0.7368,0.2061,0.0572,0,219.6,165.05
Galle,Red_Lady,February,0.1605,0.2665,0.573,3,608.0,98.86
Galle,Red_Lady,May,0.0388,0.3964,0.5648,3,403.6,122.19
Hambantota,Red_Lady,June,0.1477,0.2792,0.5732,3,228.6,104.42
Matara,Red_Lady,October,0.0418,0.1132,0.845,2,268.5,292.72
Matara,Tainung,January,0.0432,0.6728,0.284,1,90.7,251.29
Hambantota,Tainung,February,0.0473,0.6884,0.2642,1,261.5,230.52
Galle,Red_Lady,May,0.1354,0.6916,0.173,1,446.3,212.43
Galle,Tainung,March,0.2223,0.2822,0.4955,3,242.2,95.91
Galle,Tainung,February,0.0489,0.919,0.0321,1,550.5,244.56
Galle,Tainung,January,0.8669,0.0478,0.0853,0,440.4,156.15
Hambantota,Red_Lady,March,0.7481,0.0378,0.2142,0,418.6,158.16
Hambantota,Red_Lady,June,0.0912,0.1334,0.7753,2,75.8,316.47
Hambantota,Tainung,May,0.036,0.7031,0.2609,1,375.6,252.82
Galle,Tainung,April,0.1029,0.6862,0.2109,1,98.5,239.62
Galle,Red_Lady,August,0.0856,0.7119,0.2025,1,460.8,235.22
Matara,Tainung,September,0.0799,0.3443,0.5759,3,263.4,111.84
Matara,Tainung,August,0.1763,0.3639,0.4598,3,282.1,95.21
Matara,Red_Lady,April,0.0316,0.8384,0.1301,1,82.1,209.02
Galle,Red_Lady,July,0.0015,0.1175,0.881,2,59.5,293.47
Galle,Red_Lady,October,0.2649,0.2698,0.4653,3,180.7,109.54
Galle,Tainung,October,0.0073,0.1218,0.8709,2,162.0,306.7
Matara,Red_Lady,July,0.0972,0.1251,0.7777,2,133.9,291.76
Galle,Tainung,January,0.0487,0.1458,0.8056,2,531.0,316.04
Matara,Red_Lady,March,0.0361,0.1211,0.8427,2,261.1,297.87
Matara,Red_Lady,December,0.0204,0.1603,0.8194,2,524.0,340.41
Matara,Red_Lady,February,0.0654,0.661,0.2736,1,281.5,214.01
Hambantota,Tainung,January,0.1238,0.864,0.0122,1,632.8,243.88
Matara,Tainung,March,0.8279,0.1056,0.0665,0,640.8,155.31
Hambantota,Red_Lady,September,0.1005,0.6822,0.2173,1,503.7,209.32
Matara,Red_Lady,October,0.0531,0.117,0.8299,2,184.4,327.63
Galle,Tainung,March,0.7673,0.1017,0.131,0,314.7,147.99
Galle,Tainung,December,0.705,0.0912,0.2038,0,132.6,162.67
Matara,Tainung,November,0.7529,0.0922,0.1549,0,123.3,164.6
Matara,Tainung,July,0.1803,0.6859,0.1338,1,340.4,201.86
Hambantota,Red_Lady,November,0.0196,0.1414,0.839,2,472.0,337.73
Matara,Red_Lady,June,0.0666,0.2861,0.6473,3,622.3,102.54
Matara,Red_Lady,May,0.0725,0.1645,0.763,2,320.8,321.15
Hambantota,Tainung,January,0.1348,0.8261,0.0392,1,240.5,195.12
Matara,Tainung,September,0.043,0.7795,0.1775,1,596.8,207.05
Matara,Tainung,July,0.0684,0.139,0.7926,2,347.7,310.73
Hambantota,Tainung,November,0.8615,0.0919,0.0466,0,368.1,139.34
Hambantota,Red_Lady,May,0.0013,0.1953,0.8034,2,363.7,341.57
Hambantota,Red_Lady,February,0.0552,0.8317,0.1131,1,606.1,234.73
Galle,Red_Lady,May,0.1164,0.1183,0.7653,2,271.0,332.54
Galle,Tainung,June,0.0949,0.1182,0.7869,2,168.7,303.31
Matara,Tainung,August,0.7466,0.0842,0.1692,0,335.7,166.17
Galle,Tainung,January,0.1814,0.702,0.1166,1,137.0,226.44
Galle,Tainung,February,0.075,0.1629,0.762,2,24.6,281.18
Galle,Red_Lady,February,0.0016,0.1869,0.8116,2,515.3,286.08
Matara,Red_Lady,September,0.2304,0.2916,0.478,3,562.6,106.75
Matara,Tainung,April,0.0006,0.104,0.8954,2,471.2,330.31
Galle,Tainung,October,0.0419,0.8951,0.063,1,29.2,229.05
Hambantota,Red_Lady,October,0.1404,0.7013,0.1584,1,74.4,214.42
Hambantota,Red_Lady,November,0.9323,0.051,0.0167,0,425.3,158.5
Galle,Tainung,June,0.8429,0.0656,0.0915,0,177.3,152.14
Hambantota,Red_Lady,November,0.0385,0.8808,0.0806,1,252.4,242.44
Matara,Tainung,September,0.0966,0.7471,0.1563,1,599.2,216.78
Galle,Red_Lady,September,0.056,0.1179,0.8261,2,374.5,284.77
Hambantota,Tainung,March,0.1914,0.3299,0.4787,3,566.5,95.55
Galle,Tainung,June,0.7722,0.1404,0.0874,0,350.6,150.6
Hambantota,Red_Lady,March,0.2048,0.3066,0.4886,3,610.6,135.87
Galle,Red_Lady,April,0.8331,0.0371,0.1298,0,582.0,170.54
Matara,Red_Lady,April,0.0442,0.751,0.2048,1,364.8,211.89
Hambantota,Tainung,October,0.136,0.3982,0.4658,3,473.3,147.82
Galle,Tainung,June,0.7806,0.1834,0.036,0,81.4,133.97
Matara,Tainung,November,0.1427,0.7264,0.1309,1,68.4,198.12
Hambantota,Tainung,September,0.8901,0.0776,0.0323,0,411.9,166.11
Matara,Red_Lady,December,0.0941,0.7915,0.1144,1,359.9,219.0
Hambantota,Red_Lady,July,0.1873,0.7547,0.058,1,171.3,229.37
Matara,Tainung,December,0.098,0.8992,0.0028,1,521.4,199.65
Matara,Red_Lady,December,0.7311,0.1689,0.1001,0,84.1,142.95
Matara,Tainung,April,0.0288,0.9315,0.0397,1,200.9,224.83
Hambantota,Tainung,December,0.0511,0.1889,0.76,2,453.6,280.2
Matara,Red_Lady,May,0.8436,0.1364,0.02,0,190.3,169.21
Hambantota,Tainung,October,0.1631,0.6919,0.1449,1,225.7,232.52
Galle,Red_Lady,September,0.7504,0.0611,0.1885,0,429.6,138.15
Hambantota,Tainung,August,0.7411,0.1848,0.0742,0,395.2,132.59
Hambantota,Tainung,February,0.0781,0.3056,0.6163,3,519.1,143.88
Matara,Tainung,October,0.7897,0.1882,0.0221,0,353.3,163.86
Matara,Red_Lady,October,0.167,0.7677,0.0653,1,418.0,236.06
Galle,Tainung,December,0.1524,0.2878,0.5598,3,573.1,149.4
Matara,Red_Lady,January,0.8157,0.0765,0.1078,0,411.5,146.17
Hambantota,Red_Lady,November,0.0188,0.119,0.8621,2,179.2,288.56
Galle,Tainung,December,0.7581,0.2009,0.041,0,583.7,149.48
Matara,Red_Lady,October,0.796,0.1246,0.0794,0,588.9,137.35
Hambantota,Tainung,February,0.9266,0.0571,0.0163,0,486.9,150.65
Hambantota,Red_Lady,May,0.0197,0.2128,0.7675,2,67.5,281.06
Matara,Tainung,October,0.0675,0.8383,0.0942,1,348.5,252.03
Galle,Tainung,October,0.7348,0.1809,0.0843,0,176.7,133.4
Hambantota,Red_Lady,December,0.0816,0.3133,0.605,3,614.0,105.37
Hambantota,Tainung,April,0.0225,0.304,0.6735,3,323.2,98.13
Matara,Red_Lady,July,0.7379,0.0892,0.1729,0,602.6,174.51
Matara,Tainung,May,0.7621,0.1713,0.0665,0,220.2,160.83
Matara,Red_Lady,August,0.219,0.3226,0.4584,3,101.0,130.74
Hambantota,Red_Lady,July,0.8906,0.0996,0.0098,0,251.3,172.62
Galle,Red_Lady,February,0.7855,0.1815,0.033,0,527.5,153.53
Hambantota,Red_Lady,August,0.15,0.3724,0.4777,3,457.4,121.43
Matara,Red_Lady,November,0.0832,0.1477,0.7691,2,163.2,289.0
Hambantota,Tainung,October,0.8993,0.0406,0.0601,0,519.3,148.58
Hambantota,Red_Lady,September,0.1427,0.35,0.5073,3,94.9,110.22
Galle,Tainung,March,0.0538,0.3162,0.63,3,212.5,148.29
Matara,Tainung,February,0.8735,0.0824,0.0441,0,641.6,177.16
Matara,Tainung,May,0.7629,0.0957,0.1414,0,349.9,165.86
Matara,Red_Lady,March,0.0137,0.209,0.7772,2,417.4,290.86
Matara,Tainung,June,0.8458,0.0798,0.0744,0,507.7,155.91
Hambantota,Red_Lady,March,0.0043,0.1764,0.8193,2,248.9,322.52
Galle,Tainung,March,0.7383,0.1414,0.1203,0,643.6,177.02
Matara,Tainung,August,0.129,0.8018,0.0693,1,478.4,223.78
Galle,Tainung,February,0.177,0.6554,0.1676,1,469.7,225.35
Hambantota,Red_Lady,April,0.0422,0.2748,0.683,3,150.6,102.13
Hambantota,Red_Lady,January,0.0121,0.3638,0.6242,3,458.7,118.07
Hambantota,Tainung,September,0.8768,0.0442,0.079,0,593.7,143.58
Galle,Red_Lady,August,0.1153,0.8229,0.0618,1,458.4,223.25
Galle,Red_Lady,November,0.0228,0.1636,0.8136,2,389.3,316.28
Galle,Red_Lady,March,0.0007,0.1091,0.8902,2,563.7,328.59
Matara,Red_Lady,September,0.073,0.1093,0.8176,2,24.7,321.64
Hambantota,Tainung,December,0.0004,0.1019,0.8977,2,216.7,284.66
Galle,Red_Lady,December,0.1331,0.3858,0.4812,3,283.4,144.32
Galle,Red_Lady,January,0.0558,0.911,0.0332,1,31.5,246.55
Matara,Red_Lady,October,0.8478,0.0788,0.0734,0,298.2,174.95
Matara,Tainung,April,0.1016,0.1402,0.7582,2,597.8,287.74
Hambantota,Tainung,July,0.0294,0.1001,0.8704,2,619.6,330.31
Matara,Tainung,January,0.175,0.2917,0.5334,3,233.4,96.83
Hambantota,Red_Lady,October,0.0301,0.3856,0.5843,3,387.9,94.6
Hambantota,Tainung,June,0.0825,0.7539,0.1636,1,98.7,228.27
Galle,Red_Lady,June,0.0798,0.2859,0.6344,3,347.2,138.31
Galle,Tainung,February,0.0637,0.1526,0.7837,2,288.2,342.3
Hambantota,Red_Lady,February,0.1077,0.1212,0.7711,2,567.9,312.23
Matara,Red_Lady,November,0.13,0.2954,0.5746,3,35.2,119.66
Galle,Tainung,February,0.0081,0.1046,0.8872,2,113.9,342.92
Matara,Red_Lady,August,0.1185,0.8242,0.0573,1,496.4,231.17
Hambantota,Tainung,January,0.7033,0.1561,0.1407,0,640.2,154.38
Hambantota,Red_Lady,September,0.008,0.2153,0.7767,2,131.7,344.59
Matara,Red_Lady,January,0.0946,0.6946,0.2108,1,80.9,239.98
Galle,Red_Lady,July,0.0176,0.2196,0.7628,2,608.9,298.45
Galle,Red_Lady,April,0.1268,0.8007,0.0726,1,606.5,222.49
Galle,Red_Lady,March,0.155,0.6701,0.1749,1,617.3,208.82
Galle,Tainung,November,0.7525,0.2006,0.0469,0,98.2,135.65
Matara,Red_Lady,February,0.7513,0.0662,0.1825,0,642.0,162.32
Galle,Red_Lady,April,0.0879,0.1566,0.7555,2,525.5,277.79
Matara,Tainung,January,0.0305,0.8195,0.15,1,314.2,252.36
Matara,Tainung,December,0.0641,0.8827,0.0532,1,27.3,228.04
Matara,Tainung,March,0.0961,0.8073,0.0966,1,626.4,246.17
Hambantota,Red_Lady,December,0.1207,0.7702,0.109,1,158.0,195.26
Hambantota,Tainung,February,0.0527,0.6966,0.2507,1,241.3,251.43
Hambantota,Tainung,December,0.0876,0.9085,0.0039,1,593.9,249.12
Hambantota,Red_Lady,November,0.7933,0.0778,0.1288,0,611.6,139.86
Galle,Tainung,February,0.861,0.0746,0.0644,0,611.1,147.01
Hambantota,Tainung,February,0.0481,0.6576,0.2943,1,56.4,234.94
Galle,Tainung,May,0.0515,0.3195,0.629,3,168.3,107.13
Hambantota,Tainung,November,0.1193,0.1266,0.7541,2,353.8,313.79
Galle,Red_Lady,January,0.7578,0.1577,0.0846,0,154.3,138.5
Galle,Red_Lady,August,0.1346,0.1125,0.753,2,525.1,329.3
Hambantota,Tainung,December,0.1068,0.2432,0.65,3,249.8,144.02
Matara,Tainung,January,0.0397,0.1124,0.8479,2,515.8,292.81
Matara,Red_Lady,November,0.1059,0.1292,0.7649,2,547.8,319.48
Galle,Red_Lady,November,0.006,0.1356,0.8583,2,223.3,282.8
Matara,Red_Lady,August,0.0154,0.1101,0.8745,2,336.7,301.11
Galle,Tainung,September,0.867,0.0511,0.0819,0,205.7,164.8
Matara,Red_Lady,December,0.011,0.195,0.794,2,252.9,319.64
Galle,Tainung,October,0.1378,0.1103,0.752,2,75.8,278.48
Matara,Red_Lady,November,0.1157,0.1032,0.7812,2,594.8,344.81
Matara,Red_Lady,November,0.1797,0.3249,0.4954,3,562.2,122.48
Galle,Tainung,March,0.1807,0.7764,0.0429,1,164.9,240.3
Hambantota,Red_Lady,August,0.9044,0.0524,0.0432,0,601.8,148.57
Galle,Red_Lady,December,0.7649,0.1021,0.133,0,641.2,155.55
Galle,Red_Lady,January,0.045,0.1165,0.8385,2,369.2,277.47
Galle,Red_Lady,December,0.1027,0.2912,0.606,3,216.0,124.36
Galle,Tainung,May,0.0379,0.1293,0.8328,2,500.3,311.66
Matara,Tainung,March,0.1907,0.7383,0.0709,1,250.8,217.68
Galle,Tainung,April,0.0341,0.8791,0.0868,1,578.9,235.9
Galle,Red_Lady,September,0.9171,0.0558,0.0271,0,219.8,151.14
Matara,Tainung,October,0.9236,0.0671,0.0093,0,575.7,166.49
Matara,Tainung,June,0.0843,0.1019,0.8138,2,307.8,329.22
Hambantota,Tainung,July,0.1653,0.3175,0.5172,3,531.8,98.41
Matara,Red_Lady,March,0.0561,0.84,0.1039,1,460.4,202.37
Matara,Red_Lady,May,0.7348,0.1886,0.0765,0,629.6,145.07
Matara,Tainung,April,0.9461,0.0426,0.0113,0,536.0,144.55
Galle,Tainung,April,0.069,0.7015,0.2295,1,424.9,238.4
Galle,Red_Lady,October,0.0375,0.2097,0.7528,2,155.0,321.48
Galle,Tainung,February,0.1238,0.6853,0.1909,1,393.4,213.52
Hambantota,Tainung,May,0.1198,0.7322,0.148,1,121.0,225.59
Galle,Red_Lady,October,0.8629,0.1189,0.0182,0,189.9,137.78
Hambantota,Red_Lady,June,0.2764,0.222,0.5016,3,137.9,125.21
Hambantota,Tainung,September,0.7342,0.201,0.0648,0,181.5,177.39
Galle,Red_Lady,August,0.0605,0.9122,0.0273,1,185.5,204.76
Matara,Tainung,August,0.0603,0.3396,0.6001,3,399.4,125.17
Hambantota,Tainung,September,0.1216,0.3846,0.4938,3,630.3,103.97
Matara,Red_Lady,June,0.1563,0.289,0.5547,3,171.5,124.5
Hambantota,Tainung,September,0.0688,0.1034,0.8278,2,527.5,291.2
Matara,Red_Lady,September,0.0365,0.1886,0.7749,2,223.3,309.99
Galle,Red_Lady,January,0.0652,0.1724,0.7624,2,638.2,320.26
Galle,Tainung,November,0.7613,0.104,0.1347,0,235.3,176.62
Galle,Red_Lady,July,0.7722,0.0976,0.1302,0,309.4,150.75
Hambantota,Tainung,October,0.054,0.8657,0.0803,1,388.0,203.91
Galle,Red_Lady,February,0.0341,0.131,0.835,2,102.8,335.44
Matara,Red_Lady,July,0.8659,0.1275,0.0066,0,611.0,178.18
Hambantota,Red_Lady,January,0.8831,0.0487,0.0682,0,144.0,138.06
Matara,Tainung,February,0.0672,0.6594,0.2734,1,49.0,231.85
Matara,Tainung,January,0.8488,0.0362,0.115,0,197.2,146.79
Matara,Tainung,June,0.1274,0.7989,0.0737,1,338.2,228.99
Hambantota,Tainung,August,0.1077,0.3588,0.5336,3,507.8,112.46
Hambantota,Red_Lady,November,0.125,0.109,0.766,2,68.6,315.0
Galle,Red_Lady,August,0.0746,0.2933,0.632,3,293.1,127.42
Matara,Red_Lady,April,0.8721,0.0726,0.0553,0,165.0,172.48
Matara,Tainung,December,0.1674,0.7239,0.1086,1,107.4,219.76
Galle,Red_Lady,October,0.8999,0.0787,0.0214,0,394.3,158.9
Matara,Red_Lady,August,0.1262,0.7316,0.1421,1,191.9,207.48
Matara,Tainung,June,0.0365,0.7583,0.2052,1,254.3,233.1
Galle,Tainung,February,0.0869,0.2338,0.6793,3,542.7,146.85
Galle,Red_Lady,February,0.0512,0.2612,0.6876,3,217.4,115.55
Hambantota,Tainung,November,0.0572,0.165,0.7778,2,296.5,309.17
Hambantota,Tainung,November,0.9182,0.0679,0.0139,0,459.6,139.57
Galle,Tainung,May,0.078,0.892,0.03,1,508.6,228.02
Galle,Red_Lady,May,0.0237,0.3533,0.6231,3,630.7,108.55
Galle,Red_Lady,June,0.1795,0.3081,0.5124,3,117.4,93.74
Galle,Tainung,August,0.0969,0.3978,0.5053,3,266.8,108.1
Galle,Tainung,November,0.0081,0.1003,0.8916,2,112.6,333.15
Hambantota,Red_Lady,February,0.1295,0.8617,0.0088,1,484.7,254.51
Galle,Tainung,September,0.1826,0.3222,0.4951,3,180.2,117.23
Galle,Red_Lady,May,0.0977,0.2234,0.6789,3,256.2,144.23
Matara,Tainung,January,0.0559,0.8592,0.0849,1,294.2,221.91
Hambantota,Red_Lady,August,0.0003,0.111,0.8887,2,330.7,323.9
Matara,Tainung,November,0.0422,0.9333,0.0246,1,253.0,247.12
Hambantota,Red_Lady,October,0.9155,0.076,0.0085,0,154.1,138.92
Matara,Red_Lady,September,0.1692,0.7457,0.0851,1,197.2,199.33
Hambantota,Red_Lady,May,0.2134,0.3273,0.4593,3,112.4,109.13
Matara,Tainung,June,0.7575,0.0529,0.1896,0,71.6,157.37
Matara,Tainung,September,0.7192,0.1623,0.1185,0,560.2,153.92
Galle,Tainung,December,0.1146,0.3505,0.535,3,483.7,103.02
Galle,Red_Lady,September,0.7163,0.0899,0.1938,0,635.0,130.59
Hambantota,Tainung,March,0.153,0.8118,0.0352,1,198.2,219.55
Hambantota,Tainung,July,0.0382,0.164,0.7978,2,27.2,329.61
Galle,Red_Lady,March,0.0417,0.2868,0.6715,3,291.7,107.99
Hambantota,Tainung,October,0.0244,0.7199,0.2557,1,436.8,209.82
Matara,Tainung,December,0.0215,0.911,0.0675,1,618.3,248.57
Galle,Red_Lady,December,0.0089,0.1099,0.8812,2,60.2,307.0
Galle,Tainung,July,0.0192,0.2961,0.6848,3,195.0,106.72
Hambantota,Red_Lady,January,0.9495,0.0372,0.0133,0,289.7,133.54
Matara,Red_Lady,October,0.0209,0.114,0.8651,2,375.1,339.79
Matara,Red_Lady,September,0.82,0.1241,0.0559,0,54.4,179.03
Galle,Red_Lady,November,0.0003,0.1186,0.8811,2,222.9,289.77
Matara,Tainung,February,0.8921,0.0626,0.0454,0,167.4,160.72
Galle,Red_Lady,July,0.0228,0.164,0.8132,2,630.4,277.19
Hambantota,Tainung,June,0.0399,0.7216,0.2385,1,524.7,198.09
Hambantota,Tainung,February,0.1896,0.2717,0.5387,3,239.6,116.29
Matara,Tainung,July,0.062,0.7389,0.1991,1,406.0,242.1
Hambantota,Tainung,September,0.7105,0.0334,0.2561,0,440.8,175.83
Galle,Red_Lady,May,0.9469,0.0399,0.0132,0,286.1,159.22
Galle,Tainung,June,0.0296,0.1628,0.8076,2,585.4,307.74
Galle,Red_Lady,November,0.191,0.7155,0.0935,1,430.3,201.86
Hambantota,Tainung,May,0.8966,0.0366,0.0668,0,625.0,139.84
Hambantota,Red_Lady,March,0.1782,0.7753,0.0465,1,329.0,238.01
Hambantota,Red_Lady,January,0.9362,0.0458,0.018,0,409.0,161.21
Hambantota,Tainung,February,0.0444,0.834,0.1216,1,315.9,249.62
Matara,Red_Lady,December,0.9478,0.0351,0.0171,0,383.6,179.36
Matara,Red_Lady,November,0.033,0.2813,0.6857,3,247.2,101.98
Galle,Red_Lady,August,0.0287,0.1302,0.8412,2,430.4,327.09
Matara,Red_Lady,February,0.2406,0.2518,0.5077,3,58.1,121.03
Galle,Red_Lady,August,0.0951,0.1218,0.7831,2,395.8,288.6
Hambantota,Tainung,June,0.8949,0.0563,0.0488,0,159.1,162.26
Hambantota,Tainung,September,0.7145,0.2141,0.0714,0,48.8,134.15
Matara,Tainung,June,0.0802,0.9151,0.0047,1,646.9,249.84
Matara,Red_Lady,January,0.0006,0.1001,0.8992,2,293.4,327.62
Hambantota,Red_Lady,November,0.7991,0.1596,0.0413,0,230.5,151.19
Hambantota,Tainung,November,0.132,0.244,0.624,3,442.7,99.91
Galle,Tainung,March,0.0978,0.2483,0.654,3,356.9,148.59
Galle,Tainung,June,0.1167,0.7171,0.1662,1,457.3,246.2
Hambantota,Red_Lady,June,0.1082,0.8279,0.0639,1,462.2,248.67
Hambantota,Red_Lady,November,0.7229,0.1967,0.0804,0,169.8,146.99
Matara,Red_Lady,November,0.0433,0.7297,0.227,1,411.2,218.86
Galle,Tainung,December,0.9222,0.0757,0.0021,0,123.7,130.34
Galle,Tainung,May,0.0218,0.3127,0.6655,3,357.1,102.92
Matara,Red_Lady,May,0.0746,0.3115,0.6138,3,155.3,103.64
Matara,Tainung,January,0.0879,0.149,0.763,2,246.8,317.4
Matara,Red_Lady,April,0.0668,0.7618,0.1714,1,322.9,250.01
Galle,Tainung,October,0.076,0.867,0.057,1,534.4,224.33
Hambantota,Red_Lady,December,0.1114,0.1264,0.7622,2,282.3,311.19
Matara,Tainung,July,0.0295,0.855,0.1155,1,454.6,236.63
Galle,Red_Lady,April,0.057,0.9054,0.0377,1,375.1,212.66
Matara,Tainung,November,0.1032,0.3266,0.5701,3,276.0,141.54
Hambantota,Red_Lady,September,0.9062,0.0522,0.0416,0,94.0,169.13
Matara,Red_Lady,September,0.8695,0.0869,0.0436,0,96.9,141.52
Hambantota,Red_Lady,June,0.1051,0.3782,0.5168,3,376.6,111.75
Galle,Red_Lady,July,0.8994,0.0765,0.0241,0,550.8,142.72
Matara,Red_Lady,January,0.0849,0.9052,0.0099,1,53.3,237.19
Hambantota,Red_Lady,May,0.0249,0.348,0.6271,3,508.4,123.12
Matara,Red_Lady,March,0.8744,0.095,0.0306,0,561.9,143.78
Matara,Red_Lady,May,0.1287,0.8356,0.0357,1,182.3,218.67
Hambantota,Red_Lady,December,0.1786,0.6976,0.1239,1,471.4,203.43
Galle,Tainung,September,0.0187,0.1006,0.8808,2,576.6,329.02
Hambantota,Red_Lady,August,0.0306,0.8977,0.0717,1,302.1,229.18
Hambantota,Red_Lady,November,0.7838,0.1685,0.0478,0,438.9,178.13
Matara,Red_Lady,April,0.1426,0.3672,0.4902,3,298.7,125.72
Hambantota,Tainung,August,0.0601,0.2819,0.658,3,23.0,141.5
Galle,Tainung,December,0.2767,0.2717,0.4516,3,58.9,118.78
Galle,Tainung,May,0.1622,0.8351,0.0027,1,533.1,217.11
Matara,Tainung,April,0.0409,0.1143,0.8448,2,68.1,293.52
Matara,Tainung,September,0.0253,0.1296,0.8451,2,516.7,278.75
Hambantota,Tainung,October,0.895,0.038,0.067,0,413.2,148.07
Hambantota,Red_Lady,March,0.8903,0.0732,0.0366,0,46.5,140.37
Matara,Red_Lady,July,0.9407,0.04,0.0193,0,488.7,174.26
Hambantota,Tainung,August,0.0117,0.3802,0.6082,3,569.4,104.34
Hambantota,Tainung,November,0.0222,0.2125,0.7654,2,206.0,278.88
Matara,Red_Lady,February,0.1473,0.2307,0.622,3,71.5,121.1
Galle,Red_Lady,June,0.1273,0.3475,0.5252,3,66.4,107.67
Galle,Red_Lady,March,0.7168,0.1406,0.1425,0,334.8,142.34
Hambantota,Tainung,February,0.1318,0.7538,0.1145,1,259.9,245.35
Hambantota,Red_Lady,February,0.0386,0.2046,0.7569,2,477.8,298.65
Matara,Tainung,March,0.0001,0.1039,0.896,2,128.7,337.9
Hambantota,Tainung,August,0.0327,0.1049,0.8624,2,290.3,295.1
Galle,Red_Lady,March,0.8896,0.032,0.0785,0,327.5,138.48
Galle,Tainung,December,0.7055,0.0915,0.203,0,94.1,165.06
Matara,Red_Lady,February,0.1587,0.7966,0.0447,1,355.3,241.6
Matara,Tainung,April,0.0757,0.855,0.0693,1,582.5,236.93
Galle,Tainung,September,0.0003,0.2086,0.791,2,468.3,332.7
Hambantota,Tainung,December,0.1422,0.3012,0.5565,3,369.4,112.5
Galle,Tainung,November,0.7409,0.181,0.0781,0,27.3,142.85
Galle,Tainung,May,0.8734,0.0513,0.0753,0,575.5,135.12
Hambantota,Red_Lady,February,0.056,0.1817,0.7624,2,222.6,277.67
Matara,Tainung,February,0.0377,0.1142,0.8482,2,614.3,295.91
Matara,Red_Lady,March,0.9377,0.0349,0.0274,0,607.6,168.74
Hambantota,Red_Lady,July,0.1899,0.7797,0.0304,1,575.0,200.23
Galle,Red_Lady,November,0.1101,0.3349,0.5549,3,252.8,115.43
Matara,Red_Lady,April,0.0656,0.1248,0.8096,2,454.4,280.93
Matara,Red_Lady,August,0.0014,0.101,0.8976,2,199.6,291.22
Hambantota,Red_Lady,August,0.0122,0.1037,0.8841,2,186.8,284.73
Matara,Red_Lady,August,0.2711,0.2256,0.5033,3,425.8,103.9
Galle,Red_Lady,January,0.033,0.1193,0.8478,2,128.6,291.11
Matara,Tainung,August,0.06,0.2739,0.6661,3,374.6,106.59
Galle,Tainung,April,0.942,0.0352,0.0228,0,458.5,173.52
Matara,Tainung,March,0.0252,0.3076,0.6672,3,600.6,97.22
Hambantota,Red_Lady,January,0.8927,0.0953,0.012,0,592.9,137.66
Galle,Red_Lady,September,0.0522,0.3075,0.6403,3,39.2,104.43
Hambantota,Red_Lady,July,0.7328,0.0362,0.231,0,172.7,131.09
Hambantota,Red_Lady,June,0.9302,0.0545,0.0153,0,435.3,139.3
Matara,Red_Lady,March,0.0158,0.1147,0.8695,2,172.9,289.7
Hambantota,Tainung,January,0.7293,0.0538,0.2169,0,52.7,156.22
Galle,Tainung,February,0.0904,0.2883,0.6214,3,154.7,133.99
Hambantota,Red_Lady,October,0.1914,0.3085,0.5001,3,494.8,146.62
Matara,Red_Lady,March,0.0705,0.1698,0.7596,2,609.2,279.96
Matara,Red_Lady,February,0.1192,0.3636,0.5172,3,615.3,119.73
Hambantota,Tainung,August,0.1019,0.7431,0.155,1,345.5,203.89
Matara,Red_Lady,March,0.033,0.6535,0.3135,1,326.3,219.31
Hambantota,Red_Lady,December,0.0474,0.1437,0.8089,2,284.3,283.21
Galle,Red_Lady,October,0.1275,0.2725,0.6,3,347.9,96.89
Matara,Red_Lady,September,0.8737,0.1128,0.0135,0,63.5,146.93
Matara,Red_Lady,December,0.895,0.033,0.0721,0,267.6,138.01
Hambantota,Tainung,July,0.191,0.2389,0.5701,3,226.7,127.34
Matara,Red_Lady,July,0.1976,0.7226,0.0798,1,324.7,199.48
Hambantota,Red_Lady,February,0.2046,0.3098,0.4856,3,188.5,110.15
Hambantota,Tainung,September,0.1215,0.8354,0.043,1,426.6,218.73
Hambantota,Red_Lady,January,0.8399,0.0313,0.1288,0,646.6,135.04
Galle,Red_Lady,March,0.7816,0.1275,0.0909,0,92.9,159.91
Hambantota,Red_Lady,June,0.2449,0.2831,0.472,3,236.9,104.62
Galle,Tainung,December,0.0341,0.66,0.3059,1,624.7,207.15
Galle,Tainung,February,0.0439,0.7691,0.187,1,218.9,226.88
Galle,Tainung,June,0.064,0.3441,0.5919,3,481.9,129.95
Matara,Red_Lady,September,0.1039,0.246,0.6501,3,272.9,143.59
Galle,Tainung,January,0.1123,0.1125,0.7751,2,208.2,300.39
Matara,Red_Lady,September,0.0502,0.3407,0.6091,3,375.3,115.08
Hambantota,Red_Lady,January,0.7079,0.2079,0.0842,0,98.4,141.92
Hambantota,Red_Lady,September,0.2196,0.3174,0.463,3,373.6,130.7
Matara,Red_Lady,November,0.0197,0.353,0.6273,3,24.2,105.93
Galle,Red_Lady,March,0.0085,0.1344,0.8571,2,97.5,303.13
Matara,Red_Lady,December,0.0985,0.3667,0.5349,3,505.9,133.78
Galle,Red_Lady,January,0.1489,0.3811,0.47,3,408.9,93.85
Matara,Tainung,February,0.0124,0.1555,0.8321,2,394.0,282.54
Galle,Red_Lady,April,0.1011,0.3358,0.5631,3,196.6,128.3
Hambantota,Tainung,July,0.8316,0.1313,0.0371,0,177.4,130.98
Hambantota,Red_Lady,July,0.2987,0.2309,0.4704,3,80.1,125.25
Hambantota,Red_Lady,December,0.7618,0.0603,0.1779,0,415.0,153.57
Matara,Red_Lady,November,0.0875,0.2446,0.6679,3,449.9,138.61
Matara,Tainung,September,0.057,0.249,0.694,3,275.5,102.36
Hambantota,Tainung,October,0.1423,0.3621,0.4955,3,23.3,105.93
Galle,Red_Lady,January,0.8647,0.0825,0.0529,0,535.8,145.28
Hambantota,Red_Lady,February,0.8388,0.1243,0.0368,0,633.4,158.53
Galle,Tainung,February,0.0004,0.2153,0.7843,2,591.3,286.37
Matara,Tainung,June,0.9437,0.0471,0.0092,0,264.4,146.19
Galle,Red_Lady,August,0.1424,0.7099,0.1477,1,254.6,241.76
Hambantota,Red_Lady,May,0.0255,0.6717,0.3028,1,328.3,254.0
Matara,Red_Lady,September,0.1823,0.3033,0.5144,3,600.9,126.63
Galle,Red_Lady,July,0.0054,0.1144,0.8802,2,473.7,283.26
Matara,Tainung,November,0.0829,0.2814,0.6357,3,445.5,100.99
Hambantota,Red_Lady,October,0.0617,0.1364,0.8019,2,542.0,325.9
Matara,Red_Lady,October,0.9469,0.0309,0.0222,0,477.8,162.07
Hambantota,Red_Lady,February,0.9168,0.0608,0.0224,0,282.2,142.81
Matara,Tainung,November,0.8097,0.1463,0.0441,0,459.8,137.22
Hambantota,Tainung,January,0.1772,0.796,0.0268,1,555.0,225.87
Galle,Tainung,July,0.0606,0.2642,0.6752,3,238.7,125.57
Galle,Red_Lady,July,0.7692,0.1425,0.0882,0,446.0,134.08
Matara,Tainung,March,0.0104,0.1028,0.8869,2,282.3,315.43
Galle,Tainung,June,0.0642,0.3301,0.6057,3,536.3,101.4
Galle,Red_Lady,October,0.1274,0.2393,0.6333,3,501.3,109.68
Matara,Tainung,December,0.879,0.1128,0.0083,0,214.6,166.83
Matara,Tainung,January,0.2423,0.2628,0.4949,3,278.9,140.92
Galle,Red_Lady,March,0.9428,0.0349,0.0222,0,42.2,157.36
Hambantota,Red_Lady,May,0.0563,0.9063,0.0374,1,470.6,217.96
Galle,Red_Lady,November,0.0146,0.1983,0.7871,2,570.3,286.19
Hambantota,Tainung,June,0.1127,0.7836,0.1037,1,279.5,195.2
Hambantota,Red_Lady,November,0.1267,0.7578,0.1155,1,392.7,240.43
Galle,Red_Lady,March,0.0785,0.1469,0.7745,2,523.2,335.96
Galle,Red_Lady,May,0.0034,0.1012,0.8954,2,520.1,335.88
Galle,Tainung,August,0.0347,0.1167,0.8485,2,32.9,296.98
Matara,Red_Lady,May,0.0295,0.1044,0.866,2,282.2,297.67
Hambantota,Red_Lady,August,0.0478,0.2597,0.6925,3,82.1,113.22
Galle,Tainung,November,0.0332,0.7208,0.246,1,612.6,218.73
Galle,Red_Lady,August,0.0622,0.1624,0.7755,2,164.1,310.03
Galle,Tainung,June,0.1692,0.7511,0.0797,1,559.7,235.91
Hambantota,Red_Lady,September,0.0648,0.7793,0.156,1,235.2,238.79
Galle,Tainung,September,0.8543,0.1118,0.0339,0,382.1,173.03
Matara,Red_Lady,August,0.2581,0.2502,0.4918,3,250.3,104.3
Galle,Red_Lady,March,0.0561,0.1884,0.7555,2,39.1,304.62
Matara,Red_Lady,April,0.0862,0.2979,0.616,3,641.1,109.84
Hambantota,Tainung,January,0.0045,0.1188,0.8766,2,171.3,308.07
Galle,Tainung,July,0.0274,0.3763,0.5963,3,471.8,142.71
Hambantota,Red_Lady,September,0.0401,0.7118,0.2481,1,325.3,246.15
Hambantota,Red_Lady,October,0.7674,0.0408,0.1917,0,416.4,156.31
Hambantota,Red_Lady,April,0.8328,0.1585,0.0087,0,395.9,145.6
Galle,Red_Lady,August,0.1294,0.1147,0.7559,2,413.3,285.17
Galle,Tainung,July,0.0489,0.3881,0.563,3,604.8,147.97
Matara,Red_Lady,August,0.0505,0.152,0.7974,2,319.5,324.66
Hambantota,Red_Lady,December,0.126,0.1178,0.7562,2,606.3,309.71
Galle,Red_Lady,January,0.0528,0.946,0.0012,1,633.7,202.37
Galle,Red_Lady,July,0.1913,0.6515,0.1572,1,214.5,231.85
Galle,Tainung,April,0.14,0.8417,0.0183,1,351.7,216.8
Matara,Tainung,March,0.8137,0.1106,0.0757,0,481.9,149.75
Hambantota,Red_Lady,February,0.8222,0.1286,0.0492,0,420.3,176.92
Galle,Red_Lady,December,0.2897,0.2254,0.4849,3,174.3,142.08
Matara,Tainung,January,0.0307,0.1732,0.7962,2,268.9,307.61
Hambantota,Tainung,July,0.7505,0.158,0.0916,0,565.3,133.21
Matara,Tainung,March,0.0793,0.2282,0.6925,3,21.4,114.45
Matara,Red_Lady,September,0.8682,0.0752,0.0567,0,548.2,157.83
Matara,Red_Lady,April,0.0163,0.1035,0.8802,2,81.5,282.71
Matara,Red_Lady,December,0.1224,0.8578,0.0198,1,179.3,234.7
Galle,Red_Lady,June,0.0519,0.9334,0.0148,1,543.4,235.47
Galle,Red_Lady,January,0.1312,0.7992,0.0696,1,124.2,228.43
Galle,Red_Lady,January,0.9172,0.0601,0.0227,0,161.6,153.61
Hambantota,Tainung,December,0.7076,0.2069,0.0855,0,223.2,159.38
Matara,Red_Lady,February,0.8724,0.096,0.0316,0,586.4,133.52
Galle,Red_Lady,December,0.1386,0.7147,0.1467,1,508.3,240.49
Hambantota,Tainung,May,0.7985,0.1417,0.0598,0,145.1,134.76
Hambantota,Red_Lady,November,0.1384,0.682,0.1796,1,68.8,227.67
Hambantota,Tainung,January,0.0763,0.2239,0.6999,3,296.1,123.89
Hambantota,Red_Lady,November,0.0508,0.2549,0.6943,3,352.1,149.32
Matara,Red_Lady,April,0.0244,0.3079,0.6677,3,152.2,114.02
Hambantota,Red_Lady,May,0.0553,0.3529,0.5918,3,98.5,100.44
Hambantota,Red_Lady,September,0.0658,0.2646,0.6696,3,337.2,98.68
Galle,Red_Lady,June,0.7818,0.1557,0.0626,0,228.9,155.38
Matara,Tainung,November,0.0069,0.122,0.8712,2,365.8,285.16
Hambantota,Red_Lady,September,0.0595,0.8893,0.0512,1,280.5,246.91
Galle,Red_Lady,September,0.1105,0.2351,0.6545,3,124.0,125.4
Hambantota,Tainung,September,0.1928,0.221,0.5861,3,421.5,115.31
Matara,Tainung,May,0.0642,0.1371,0.7987,2,85.4,286.28
Matara,Tainung,August,0.1058,0.3452,0.549,3,127.3,135.09
Matara,Red_Lady,April,0.7971,0.1076,0.0953,0,76.3,136.31
Hambantota,Tainung,November,0.0717,0.1427,0.7856,2,280.9,296.33
Galle,Red_Lady,April,0.26,0.2332,0.5068,3,174.8,129.77
Hambantota,Red_Lady,March,0.0594,0.3397,0.6009,3,504.9,101.3
Galle,Red_Lady,October,0.094,0.3012,0.6049,3,171.2,119.81
Hambantota,Red_Lady,October,0.0797,0.3754,0.5449,3,438.8,104.45
Hambantota,Tainung,April,0.0376,0.1346,0.8279,2,97.3,323.79
Galle,Red_Lady,December,0.2622,0.2814,0.4564,3,124.9,142.22
Hambantota,Red_Lady,January,0.1632,0.2918,0.545,3,223.5,110.89
Matara,Red_Lady,March,0.1032,0.8241,0.0727,1,144.7,211.78
Matara,Tainung,June,0.0419,0.3562,0.602,3,101.8,149.49
Galle,Red_Lady,February,0.0079,0.1201,0.8719,2,113.4,296.29
Hambantota,Red_Lady,November,0.0208,0.9367,0.0426,1,197.7,201.3
Hambantota,Tainung,December,0.2797,0.2214,0.4989,3,543.9,105.69
Matara,Tainung,August,0.1419,0.8442,0.0138,1,55.1,249.41
Galle,Tainung,June,0.1869,0.723,0.0901,1,387.9,201.53
Matara,Tainung,January,0.7151,0.2075,0.0774,0,571.6,165.93
Matara,Red_Lady,July,0.0874,0.1099,0.8027,2,162.9,302.62
Galle,Red_Lady,August,0.8215,0.0681,0.1104,0,476.2,136.44
Hambantota,Red_Lady,October,0.2035,0.2753,0.5212,3,156.8,139.06
Hambantota,Tainung,August,0.0136,0.1159,0.8705,2,505.3,310.34
Galle,Tainung,June,0.0403,0.163,0.7967,2,256.6,297.46
Galle,Tainung,November,0.0514,0.8648,0.0838,1,564.5,229.91
Hambantota,Red_Lady,November,0.2047,0.2419,0.5534,3,397.2,149.53
Matara,Red_Lady,July,0.1621,0.3426,0.4953,3,128.2,144.56
Galle,Red_Lady,April,0.7454,0.1298,0.1249,0,110.2,148.07
Matara,Tainung,March,0.1364,0.2363,0.6273,3,461.4,142.2
Galle,Red_Lady,April,0.0483,0.1167,0.8351,2,74.3,285.56
Galle,Tainung,August,0.0399,0.9389,0.0212,1,104.6,230.88
Matara,Red_Lady,July,0.0131,0.116,0.8709,2,64.3,319.22
Galle,Tainung,December,0.134,0.663,0.203,1,21.8,224.91
Hambantota,Red_Lady,December,0.0367,0.2754,0.6879,3,574.1,124.62
Matara,Tainung,October,0.0031,0.124,0.8729,2,129.6,296.05
Matara,Tainung,May,0.0582,0.7184,0.2234,1,456.0,240.55
Hambantota,Tainung,September,0.0803,0.8333,0.0864,1,320.6,251.48
Hambantota,Tainung,June,0.0024,0.1216,0.876,2,547.9,305.72
Hambantota,Tainung,January,0.074,0.123,0.803,2,332.6,328.61
Matara,Tainung,May,0.0239,0.109,0.8671,2,207.2,316.28
Matara,Tainung,August,0.0553,0.8968,0.048,1,565.4,241.13
Hambantota,Tainung,March,0.0324,0.8503,0.1173,1,347.8,239.92
Hambantota,Tainung,April,0.0845,0.8372,0.0783,1,212.8,237.24
Hambantota,Red_Lady,August,0.8467,0.0507,0.1026,0,340.6,136.24
Matara,Tainung,March,0.02,0.3458,0.6342,3,170.4,142.34
Galle,Tainung,December,0.2586,0.2372,0.5042,3,483.6,104.51
Hambantota,Tainung,February,0.1356,0.6571,0.2074,1,371.3,243.6
Galle,Red_Lady,December,0.1008,0.8321,0.067,1,515.8,210.98
Galle,Red_Lady,February,0.0702,0.145,0.7848,2,454.4,292.68
Galle,Red_Lady,February,0.0306,0.1302,0.8392,2,249.0,299.26
Hambantota,Red_Lady,July,0.0717,0.2313,0.6969,3,355.2,123.86
Galle,Red_Lady,May,0.0931,0.2832,0.6238,3,65.1,91.19
Galle,Red_Lady,October,0.0938,0.3492,0.557,3,426.2,102.06
Hambantota,Tainung,January,0.0004,0.1457,0.8539,2,162.4,285.64
Galle,Red_Lady,March,0.2792,0.2387,0.4821,3,588.8,141.64
Matara,Tainung,November,0.0628,0.3061,0.6311,3,276.7,108.66
Galle,Red_Lady,October,0.1002,0.1086,0.7911,2,285.3,278.15
Hambantota,Tainung,August,0.1476,0.381,0.4714,3,74.5,129.67
Galle,Red_Lady,December,0.0824,0.1388,0.7788,2,35.9,321.5
Hambantota,Tainung,February,0.2094,0.2839,0.5067,3,588.5,95.17
Matara,Red_Lady,January,0.0773,0.1623,0.7604,2,442.7,278.0
Hambantota,Tainung,June,0.169,0.3641,0.4669,3,304.6,137.7
Galle,Red_Lady,July,0.7584,0.1326,0.109,0,544.4,170.33
Matara,Red_Lady,November,0.92,0.0625,0.0174,0,476.6,145.53
Galle,Tainung,March,0.0473,0.1227,0.8299,2,370.6,342.95
Galle,Tainung,October,0.7833,0.155,0.0617,0,119.1,156.7
Hambantota,Tainung,February,0.0003,0.1006,0.8991,2,113.2,290.87
Galle,Tainung,January,0.8394,0.1254,0.0352,0,191.0,134.63
Hambantota,Red_Lady,November,0.0754,0.1048,0.8198,2,320.6,294.26
Galle,Red_Lady,December,0.8406,0.1539,0.0055,0,283.0,175.68
Hambantota,Red_Lady,March,0.0409,0.1828,0.7763,2,220.1,276.7
Hambantota,Red_Lady,July,0.1833,0.3164,0.5002,3,39.9,145.84
Matara,Red_Lady,February,0.2248,0.3011,0.4742,3,47.4,144.96
Galle,Red_Lady,May,0.092,0.269,0.639,3,27.7,137.85
Matara,Red_Lady,August,0.0335,0.3503,0.6162,3,32.6,107.9
Matara,Tainung,December,0.0084,0.1026,0.8891,2,251.3,278.25
Matara,Tainung,September,0.7998,0.0559,0.1442,0,645.2,152.45
Galle,Red_Lady,May,0.0001,0.101,0.8989,2,131.3,337.01
Hambantota,Tainung,February,0.835,0.1437,0.0213,0,261.0,177.77
Galle,Red_Lady,March,0.027,0.1448,0.8281,2,89.7,284.9
Hambantota,Tainung,March,0.046,0.1906,0.7634,2,302.8,322.13
Hambantota,Tainung,December,0.0317,0.1991,0.7692,2,29.2,283.64
Matara,Tainung,January,0.0876,0.8846,0.0278,1,645.2,212.85
Hambantota,Tainung,October,0.1082,0.1364,0.7554,2,193.2,293.51
Galle,Tainung,November,0.1994,0.2848,0.5158,3,208.7,148.75
Hambantota,Tainung,October,0.7219,0.208,0.0701,0,367.4,133.68
Galle,Red_Lady,August,0.0701,0.8161,0.1138,1,57.8,196.08
Hambantota,Tainung,July,0.1503,0.3005,0.5492,3,270.6,139.89
Galle,Tainung,December,0.0973,0.8302,0.0726,1,237.9,222.11
Hambantota,Tainung,October,0.0504,0.2698,0.6798,3,428.2,132.24
Hambantota,Red_Lady,February,0.0122,0.2898,0.698,3,359.3,141.64
Galle,Tainung,December,0.7521,0.2068,0.0411,0,263.1,158.29
Galle,Tainung,April,0.7291,0.1853,0.0856,0,301.3,177.56
Hambantota,Red_Lady,June,0.0768,0.378,0.5452,3,160.0,95.71
Hambantota,Red_Lady,May,0.0038,0.116,0.8802,2,248.2,309.09
Galle,Tainung,November,0.0921,0.2604,0.6475,3,52.1,116.12
Galle,Tainung,September,0.0895,0.1484,0.7621,2,595.3,325.71
Hambantota,Tainung,March,0.0406,0.1834,0.776,2,418.5,278.67
Galle,Red_Lady,September,0.0024,0.1957,0.8019,2,338.4,285.28
Hambantota,Tainung,June,0.0096,0.1443,0.8461,2,596.3,299.89
Matara,Red_Lady,December,0.0267,0.2034,0.7699,2,319.3,285.86
Galle,Tainung,February,0.9307,0.0491,0.0202,0,282.9,173.96
Galle,Tainung,March,0.042,0.3565,0.6016,3,429.6,102.49
Matara,Red_Lady,December,0.0635,0.1603,0.7762,2,280.9,335.39
Galle,Tainung,December,0.077,0.1132,0.8098,2,642.4,315.42
Hambantota,Tainung,September,0.0323,0.7603,0.2075,1,202.7,253.84
Matara,Tainung,September,0.1299,0.1162,0.7539,2,617.5,279.65
Matara,Red_Lady,April,0.9408,0.0461,0.0132,0,153.6,139.79
Hambantota,Red_Lady,December,0.9415,0.0423,0.0162,0,300.2,152.48
Galle,Red_Lady,June,0.1609,0.3111,0.528,3,485.4,137.65
Matara,Red_Lady,December,0.2011,0.239,0.5599,3,245.1,127.61
Matara,Tainung,July,0.8602,0.0537,0.0861,0,294.7,141.67
Matara,Red_Lady,May,0.8549,0.1048,0.0403,0,171.0,149.87
Matara,Red_Lady,August,0.738,0.0417,0.2203,0,541.0,153.8
Galle,Red_Lady,August,0.0728,0.282,0.6452,3,465.3,120.27
Galle,Tainung,October,0.7145,0.219,0.0664,0,341.0,139.96
Galle,Red_Lady,June,0.1451,0.6673,0.1876,1,128.1,227.1
Galle,Tainung,February,0.064,0.2401,0.6959,3,295.2,100.38
Hambantota,Red_Lady,June,0.0418,0.6927,0.2655,1,617.7,254.58
Galle,Tainung,January,0.0382,0.741,0.2208,1,120.0,200.28
Hambantota,Tainung,February,0.0276,0.8576,0.1147,1,181.5,244.68
Galle,Tainung,April,0.0002,0.1733,0.8264,2,86.8,341.03
Galle,Red_Lady,November,0.0728,0.8942,0.033,1,648.8,199.83
Hambantota,Tainung,August,0.0391,0.1649,0.7959,2,377.2,305.12
Matara,Red_Lady,December,0.0932,0.8081,0.0986,1,537.6,217.67
Hambantota,Tainung,June,0.7327,0.1985,0.0689,0,224.1,175.98
Galle,Red_Lady,July,0.8124,0.0607,0.1269,0,222.0,165.12
Hambantota,Tainung,July,0.0945,0.7603,0.1451,1,204.5,223.63
Hambantota,Red_Lady,June,0.0069,0.119,0.8741,2,319.4,290.06
Matara,Red_Lady,December,0.8923,0.0309,0.0768,0,439.5,140.68
Hambantota,Tainung,March,0.1393,0.3066,0.554,3,449.1,123.95
Galle,Tainung,May,0.1159,0.1312,0.7529,2,174.0,298.07
Matara,Red_Lady,November,0.1207,0.2392,0.6401,3,358.3,125.68
Matara,Red_Lady,March,0.1574,0.2587,0.5838,3,528.7,145.61
Hambantota,Red_Lady,October,0.703,0.0758,0.2211,0,160.9,171.4
Galle,Tainung,July,0.0171,0.289,0.694,3,320.3,95.33
Hambantota,Red_Lady,December,0.9399,0.0447,0.0154,0,484.8,170.64
Hambantota,Red_Lady,November,0.7274,0.1341,0.1385,0,159.1,164.67
Hambantota,Red_Lady,December,0.8136,0.1621,0.0243,0,280.6,138.25
Matara,Red_Lady,November,0.1079,0.6794,0.2127,1,333.1,215.58
Galle,Tainung,August,0.0784,0.695,0.2265,1,295.4,220.23
Hambantota,Red_Lady,August,0.8843,0.0708,0.0449,0,74.6,132.58
Matara,Red_Lady,January,0.165,0.291,0.544,3,180.0,132.62
Matara,Tainung,February,0.8149,0.1518,0.0334,0,454.6,177.77
Matara,Tainung,December,0.0048,0.3222,0.673,3,53.5,97.11
Hambantota,Red_Lady,August,0.8967,0.0531,0.0502,0,482.4,158.42
Hambantota,Red_Lady,February,0.0888,0.2891,0.622,3,339.2,126.02
Galle,Red_Lady,February,0.1714,0.7264,0.1022,1,133.8,228.42
Hambantota,Tainung,November,0.036,0.2082,0.7558,2,585.0,315.38
Matara,Red_Lady,February,0.0293,0.1515,0.8192,2,48.4,310.32
Hambantota,Red_Lady,September,0.0054,0.1457,0.8489,2,502.3,337.05
Matara,Tainung,October,0.1053,0.841,0.0537,1,126.9,241.56
Hambantota,Tainung,March,0.0778,0.1622,0.76,2,443.5,332.76
Matara,Red_Lady,July,0.1527,0.6951,0.1522,1,601.2,241.07
Galle,Red_Lady,September,0.0234,0.1498,0.8268,2,235.8,326.76
Hambantota,Red_Lady,February,0.0353,0.6625,0.3022,1,221.5,216.51
Hambantota,Red_Lady,December,0.0283,0.8649,0.1068,1,56.7,216.17
Galle,Tainung,October,0.31,0.2222,0.4678,3,313.8,92.59
Hambantota,Tainung,January,0.0239,0.287,0.6891,3,218.4,97.63
Matara,Tainung,February,0.1883,0.2734,0.5383,3,595.6,90.11
Matara,Tainung,May,0.1594,0.7549,0.0857,1,262.1,230.86
Hambantota,Tainung,February,0.8653,0.0494,0.0853,0,620.9,152.95
Galle,Tainung,June,0.7435,0.0487,0.2078,0,115.2,177.35
Galle,Tainung,September,0.012,0.1389,0.849,2,576.9,328.75
Galle,Red_Lady,November,0.1079,0.1023,0.7898,2,89.0,328.03
Galle,Red_Lady,September,0.1942,0.6747,0.1311,1,557.6,197.45
Matara,Red_Lady,January,0.0244,0.1813,0.7943,2,182.6,318.03
Galle,Red_Lady,November,0.0745,0.8374,0.0881,1,35.8,235.2
Matara,Tainung,August,0.2567,0.2418,0.5014,3,282.2,108.85
Hambantota,Red_Lady,October,0.0397,0.3565,0.6038,3,275.2,109.19
Matara,Red_Lady,January,0.861,0.0878,0.0512,0,610.4,152.57
Hambantota,Tainung,December,0.0275,0.2162,0.7563,2,127.5,303.93
Hambantota,Tainung,November,0.0465,0.8896,0.0639,1,179.2,204.22
Matara,Red_Lady,December,0.945,0.0451,0.01,0,444.8,163.96
Galle,Red_Lady,May,0.0497,0.3547,0.5956,3,468.0,103.15
Matara,Tainung,May,0.0436,0.3034,0.6529,3,505.5,149.33
Hambantota,Red_Lady,July,0.0902,0.1406,0.7692,2,49.5,299.56
Galle,Tainung,October,0.932,0.0385,0.0294,0,89.1,168.71
Hambantota,Tainung,December,0.793,0.1065,0.1005,0,43.5,142.64
Galle,Red_Lady,December,0.8099,0.1282,0.062,0,641.0,145.75
Hambantota,Tainung,July,0.0716,0.2427,0.6858,3,20.2,97.02
Matara,Tainung,October,0.1081,0.1237,0.7682,2,213.9,290.16
Galle,Red_Lady,July,0.0613,0.9161,0.0226,1,604.8,230.88
Hambantota,Tainung,January,0.1669,0.7358,0.0974,1,521.9,219.16
Hambantota,Tainung,April,0.0806,0.9084,0.011,1,134.0,223.67
Hambantota,Tainung,December,0.9297,0.0402,0.0301,0,544.1,143.99
Galle,Tainung,February,0.0677,0.8765,0.0558,1,388.9,225.49
Galle,Tainung,June,0.0324,0.3071,0.6605,3,621.5,129.63
Matara,Tainung,August,0.0115,0.122,0.8665,2,224.5,339.58
Galle,Red_Lady,November,0.1181,0.7032,0.1787,1,560.1,238.84
Matara,Red_Lady,September,0.0052,0.2986,0.6962,3,548.7,106.5
Matara,Red_Lady,April,0.7108,0.0613,0.2279,0,324.1,137.2
Hambantota,Tainung,August,0.7329,0.1679,0.0991,0,112.7,153.79
Matara,Tainung,May,0.0381,0.8953,0.0666,1,337.2,213.21
Galle,Tainung,February,0.0118,0.1623,0.8259,2,266.1,306.69
Galle,Red_Lady,December,0.0797,0.8698,0.0504,1,556.2,230.95
Matara,Red_Lady,June,0.0977,0.8271,0.0752,1,277.6,206.55
Galle,Tainung,November,0.7744,0.1374,0.0883,0,497.4,156.84
Galle,Tainung,November,0.02,0.3578,0.6222,3,169.8,124.68
Galle,Red_Lady,September,0.0408,0.3501,0.6091,3,158.9,96.23
Galle,Red_Lady,May,0.0706,0.1554,0.774,2,472.3,312.94
Matara,Red_Lady,September,0.2833,0.2644,0.4523,3,547.3,131.95
Matara,Tainung,March,0.1311,0.8679,0.0009,1,92.5,203.28
Galle,Tainung,December,0.2329,0.2923,0.4748,3,360.5,129.21
Galle,Red_Lady,March,0.0239,0.1061,0.87,2,285.5,279.23
Galle,Red_Lady,August,0.0593,0.352,0.5888,3,348.0,133.61
Hambantota,Tainung,February,0.854,0.0518,0.0942,0,388.9,179.34
Matara,Tainung,December,0.0209,0.1758,0.8033,2,537.4,338.07
Galle,Red_Lady,March,0.1905,0.2209,0.5886,3,329.6,131.44
Matara,Tainung,August,0.0346,0.1013,0.8641,2,615.0,342.8
Hambantota,Red_Lady,June,0.0304,0.1077,0.8619,2,297.9,326.98
Matara,Tainung,August,0.9395,0.0412,0.0193,0,63.4,136.26
Galle,Tainung,August,0.2215,0.2468,0.5317,3,629.6,108.94
Hambantota,Tainung,February,0.0128,0.1913,0.7958,2,406.2,312.78
Galle,Red_Lady,December,0.0315,0.9489,0.0196,1,175.1,244.76
Matara,Red_Lady,December,0.023,0.1597,0.8173,2,69.0,328.87
Matara,Tainung,August,0.0069,0.1101,0.8829,2,425.4,318.27
Matara,Tainung,June,0.7979,0.101,0.1011,0,641.1,131.14
Hambantota,Red_Lady,March,0.0204,0.8587,0.1209,1,442.0,232.74
Galle,Tainung,August,0.0368,0.1203,0.8429,2,174.5,338.21
Matara,Red_Lady,July,0.1192,0.2322,0.6485,3,328.8,106.2
Galle,Tainung,July,0.0321,0.1297,0.8382,2,154.5,336.83
Galle,Tainung,June,0.0289,0.8427,0.1284,1,22.9,203.42
Matara,Red_Lady,October,0.845,0.1002,0.0548,0,226.4,161.83
Galle,Red_Lady,June,0.1176,0.8182,0.0642,1,602.6,203.21
Hambantota,Tainung,June,0.1223,0.8529,0.0248,1,148.9,231.22
Hambantota,Tainung,October,0.7675,0.1868,0.0458,0,381.5,171.42
Galle,Tainung,July,0.0339,0.7995,0.1667,1,526.9,211.76
Matara,Red_Lady,May,0.2552,0.2802,0.4646,3,173.8,104.53
Hambantota,Red_Lady,May,0.8962,0.0822,0.0216,0,647.8,146.25
Matara,Red_Lady,April,0.0683,0.8866,0.0451,1,350.7,222.03
Matara,Red_Lady,September,0.1934,0.2465,0.56,3,68.7,145.7
Galle,Tainung,July,0.0981,0.7485,0.1534,1,63.2,246.38
Matara,Tainung,August,0.0597,0.6766,0.2637,1,264.3,232.94
Matara,Red_Lady,June,0.1307,0.8295,0.0398,1,90.9,241.32
Galle,Tainung,September,0.0054,0.295,0.6996,3,429.1,131.15
Hambantota,Tainung,March,0.0778,0.8428,0.0794,1,532.1,219.86
Galle,Tainung,November,0.0117,0.1429,0.8454,2,39.5,296.5
Galle,Red_Lady,November,0.7296,0.1079,0.1625,0,389.7,142.91
Galle,Tainung,February,0.0148,0.1092,0.876,2,638.8,284.33
Galle,Red_Lady,April,0.0812,0.3258,0.593,3,233.0,95.01
Galle,Red_Lady,October,0.7461,0.0988,0.1551,0,41.6,167.83
Galle,Red_Lady,February,0.0247,0.7504,0.2249,1,649.7,233.35
Hambantota,Red_Lady,May,0.706,0.188,0.1059,0,294.3,137.61
Matara,Red_Lady,May,0.1133,0.7319,0.1548,1,584.2,254.25
Galle,Tainung,January,0.1893,0.7396,0.0711,1,118.0,217.13
Galle,Red_Lady,April,0.7648,0.1116,0.1235,0,70.4,153.76
Hambantota,Red_Lady,July,0.0774,0.9118,0.0108,1,437.4,202.05
Hambantota,Tainung,October,0.7465,0.1825,0.071,0,588.9,173.58
Galle,Tainung,July,0.042,0.1393,0.8187,2,146.6,314.97
Matara,Red_Lady,April,0.7334,0.0453,0.2213,0,352.9,131.78
Hambantota,Red_Lady,April,0.0205,0.1203,0.8592,2,400.7,344.35
Hambantota,Red_Lady,March,0.8092,0.1473,0.0435,0,344.7,172.53
Matara,Red_Lady,April,0.8914,0.0425,0.0661,0,433.6,156.62
Galle,Red_Lady,November,0.0399,0.8331,0.127,1,571.8,228.35
Galle,Red_Lady,November,0.0488,0.3134,0.6378,3,252.2,97.44
Hambantota,Tainung,June,0.023,0.937,0.04,1,345.7,219.06
Galle,Tainung,July,0.7143,0.0836,0.2021,0,233.9,144.27