district,variety,month,green_ratio,yellow_ratio,orange_ratio,ripeness_stage,ripeness_label,last7_days_rainfall,price_lkr_per_kg
Galle,Tainung,June,0.0022,0.0826,0.9152,2,Market ready,619.7,302.16
Galle,Tainung,November,0.0039,0.0553,0.9408,2,Market ready,461.9,301.44
Galle,Red_Lady,December,0.0162,0.0498,0.934,2,Market ready,599.3,320.4
Galle,Red_Lady,January,0.0277,0.0506,0.9217,2,Market ready,132.9,318.75
Galle,Tainung,February,0.3285,0.5598,0.1117,1,Half ripe,410.7,251.05
Matara,Tainung,July,0.0029,0.0396,0.9575,2,Market ready,106.9,336.1
Matara,Tainung,March,0.0061,0.0901,0.9038,2,Market ready,20.3,310.81
Hambantota,Red_Lady,November,0.0032,0.0824,0.9144,2,Market ready,80.3,321.08
Galle,Tainung,August,0.0011,0.0221,0.9768,3,Overripe,637.0,92.02
Galle,Red_Lady,August,0.7631,0.1609,0.076,0,Unripe,136.9,138.05
Matara,Tainung,September,0.0053,0.0373,0.9574,3,Overripe,305.4,128.37
Hambantota,Red_Lady,August,0.8694,0.0694,0.0612,0,Unripe,630.6,132.59
Matara,Tainung,April,0.0072,0.0389,0.9539,2,Market ready,373.9,333.94
Hambantota,Red_Lady,November,0.0092,0.0242,0.9666,3,Overripe,261.5,128.49
Matara,Tainung,March,0.0009,0.0187,0.9804,3,Overripe,396.9,90.99
Hambantota,Tainung,February,0.0015,0.0329,0.9656,3,Overripe,337.7,120.53
Matara,Red_Lady,March,0.3561,0.5543,0.0896,1,Half ripe,69.9,217.62
Galle,Red_Lady,January,0.0066,0.0112,0.9822,3,Overripe,623.1,135.28
Hambantota,Tainung,August,0.007,0.0341,0.9589,3,Overripe,220.6,107.32
Hambantota,Red_Lady,July,0.3215,0.5669,0.1116,1,Half ripe,581.0,201.76
Hambantota,Red_Lady,April,0.0169,0.072,0.9111,2,Market ready,141.3,296.42
Galle,Tainung,February,0.7723,0.1311,0.0966,0,Unripe,370.3,143.3
Galle,Red_Lady,September,0.3071,0.6204,0.0725,1,Half ripe,208.4,243.08
Matara,Tainung,August,0.0101,0.027,0.9629,2,Market ready,398.7,321.56
Matara,Tainung,March,0.7916,0.1608,0.0476,0,Unripe,50.6,147.77
Hambantota,Red_Lady,November,0.8003,0.0942,0.1055,0,Unripe,486.3,154.23
Hambantota,Red_Lady,October,0.7363,0.1684,0.0953,0,Unripe,557.6,130.51
Matara,Tainung,July,0.0054,0.0265,0.9681,3,Overripe,507.8,139.79
Galle,Tainung,October,0.0024,0.0149,0.9827,3,Overripe,353.8,106.53
Galle,Red_Lady,September,0.0091,0.0275,0.9634,3,Overripe,515.8,133.95
Matara,Tainung,February,0.3436,0.563,0.0934,1,Half ripe,480.1,234.28
Galle,Tainung,May,0.8494,0.0817,0.0689,0,Unripe,563.3,138.8
Matara,Tainung,July,0.0178,0.061,0.9212,2,Market ready,333.1,333.13
Galle,Red_Lady,February,0.3551,0.5368,0.1081,1,Half ripe,463.0,229.36
Matara,Tainung,October,0.31,0.5818,0.1082,1,Half ripe,143.2,253.06
Galle,Red_Lady,March,0.8229,0.079,0.0981,0,Unripe,38.6,178.31
Hambantota,Red_Lady,September,0.0068,0.0211,0.9721,2,Market ready,292.4,308.76
Hambantota,Red_Lady,August,0.022,0.0819,0.8961,2,Market ready,488.7,296.52
Matara,Tainung,April,0.0001,0.0295,0.9704,3,Overripe,547.7,119.94
Hambantota,Red_Lady,August,0.7864,0.1616,0.052,0,Unripe,370.9,150.05
Hambantota,Red_Lady,August,0.2775,0.6464,0.0761,1,Half ripe,503.6,223.01
Matara,Tainung,April,0.7948,0.0853,0.1199,0,Unripe,158.2,133.81
Matara,Red_Lady,April,0.3624,0.525,0.1126,1,Half ripe,195.3,248.4
Galle,Red_Lady,March,0.0021,0.0333,0.9646,3,Overripe,130.1,95.62
Hambantota,Red_Lady,June,0.2893,0.6321,0.0786,1,Half ripe,395.4,253.63
Galle,Tainung,January,0.3318,0.5478,0.1204,1,Half ripe,508.9,197.68
Galle,Red_Lady,March,0.0074,0.0295,0.9631,3,Overripe,467.4,113.23
Matara,Tainung,November,0.0243,0.0898,0.8859,2,Market ready,448.3,305.64
Hambantota,Red_Lady,April,0.3809,0.5202,0.0989,1,Half ripe,364.7,249.4
Hambantota,Tainung,September,0.0076,0.0245,0.9679,3,Overripe,58.6,142.56
Matara,Tainung,January,0.0071,0.0538,0.9391,2,Market ready,58.5,335.07
Galle,Tainung,December,0.0048,0.0126,0.9826,3,Overripe,408.2,149.44
Matara,Tainung,August,0.3515,0.5271,0.1214,1,Half ripe,588.3,196.91
Matara,Red_Lady,August,0.0143,0.0575,0.9282,2,Market ready,593.6,331.92
Matara,Tainung,August,0.8464,0.0747,0.0789,0,Unripe,565.7,142.15
Hambantota,Red_Lady,October,0.799,0.1478,0.0532,0,Unripe,394.0,178.67
Galle,Tainung,July,0.0233,0.0826,0.8941,2,Market ready,337.7,292.54
Galle,Tainung,December,0.7921,0.1132,0.0947,0,Unripe,236.4,167.09
Galle,Red_Lady,June,0.8022,0.1458,0.052,0,Unripe,634.6,141.72
Matara,Tainung,October,0.0093,0.022,0.9687,3,Overripe,474.2,96.78
Hambantota,Tainung,November,0.2388,0.6633,0.0979,1,Half ripe,631.9,225.89
Matara,Tainung,April,0.7833,0.1042,0.1125,0,Unripe,423.2,166.25
Galle,Tainung,December,0.0226,0.0346,0.9428,2,Market ready,395.0,287.57
Matara,Tainung,September,0.7347,0.1562,0.1091,0,Unripe,478.2,176.35
Hambantota,Tainung,July,0.0025,0.0489,0.9486,2,Market ready,436.6,291.33
Galle,Tainung,July,0.0204,0.0565,0.9231,2,Market ready,451.4,324.82
Hambantota,Red_Lady,November,0.0069,0.0723,0.9208,2,Market ready,600.4,326.95
Matara,Tainung,April,0.0064,0.0152,0.9784,3,Overripe,647.9,148.02
Matara,Red_Lady,April,0.6889,0.1868,0.1243,0,Unripe,521.8,140.21
Galle,Red_Lady,October,0.0199,0.0521,0.928,2,Market ready,499.9,276.46
Hambantota,Red_Lady,March,0.7661,0.1288,0.1051,0,Unripe,223.1,130.04
Galle,Red_Lady,November,0.2625,0.6258,0.1117,1,Half ripe,373.1,222.13
Matara,Red_Lady,October,0.0199,0.0611,0.919,2,Market ready,374.3,317.68
Matara,Red_Lady,September,0.0197,0.0734,0.9069,2,Market ready,154.5,310.98
Hambantota,Tainung,August,0.3588,0.5537,0.0875,1,Half ripe,428.6,204.47
Galle,Tainung,January,0.2928,0.6052,0.102,1,Half ripe,185.1,197.86
Matara,Red_Lady,February,0.0055,0.0235,0.971,2,Market ready,41.3,328.85
Hambantota,Red_Lady,July,0.8208,0.1209,0.0583,0,Unripe,275.3,160.85
Galle,Tainung,March,0.0218,0.0766,0.9016,2,Market ready,465.9,287.57
Matara,Red_Lady,January,0.2647,0.6341,0.1012,1,Half ripe,637.4,241.39
Hambantota,Tainung,May,0.025,0.0322,0.9428,2,Market ready,106.6,288.35
Matara,Red_Lady,June,0.815,0.1188,0.0662,0,Unripe,461.3,173.09
Hambantota,Red_Lady,November,0.3111,0.6,0.0889,1,Half ripe,326.9,249.82
Matara,Tainung,December,0.7893,0.1338,0.0769,0,Unripe,489.1,154.41
Hambantota,Tainung,November,0.3638,0.5382,0.098,1,Half ripe,575.6,225.81
Galle,Tainung,February,0.005,0.031,0.964,2,Market ready,39.8,315.46
Galle,Red_Lady,March,0.0004,0.025,0.9746,3,Overripe,91.0,147.69
Matara,Tainung,April,0.0129,0.0523,0.9348,2,Market ready,551.3,284.08
Matara,Red_Lady,February,0.0068,0.021,0.9722,3,Overripe,608.8,140.21
Galle,Tainung,March,0.2575,0.6475,0.095,1,Half ripe,119.0,245.96
Matara,Tainung,January,0.3114,0.6219,0.0667,1,Half ripe,611.7,241.65
Hambantota,Tainung,August,0.3043,0.5765,0.1192,1,Half ripe,633.3,248.25
Hambantota,Tainung,June,0.0216,0.0576,0.9208,2,Market ready,254.8,339.32
Matara,Tainung,May,0.8448,0.0719,0.0833,0,Unripe,436.0,151.17
Galle,Red_Lady,August,0.01,0.0348,0.9552,3,Overripe,429.3,139.95
Matara,Tainung,January,0.2678,0.6421,0.0901,1,Half ripe,580.0,249.98
Hambantota,Red_Lady,November,0.0046,0.0171,0.9783,3,Overripe,504.7,142.04
Galle,Red_Lady,February,0.8233,0.0902,0.0865,0,Unripe,245.5,155.77
Hambantota,Red_Lady,May,0.7256,0.1807,0.0937,0,Unripe,506.6,147.63
Matara,Tainung,May,0.0027,0.0305,0.9668,3,Overripe,50.4,126.75
Matara,Tainung,November,0.0157,0.0703,0.914,2,Market ready,483.3,312.87
Hambantota,Tainung,May,0.3097,0.5787,0.1116,1,Half ripe,584.3,205.25
Hambantota,Red_Lady,March,0.0053,0.0333,0.9614,3,Overripe,50.1,123.64
Hambantota,Tainung,November,0.345,0.5554,0.0996,1,Half ripe,90.4,201.0
Matara,Tainung,October,0.0228,0.0967,0.8805,2,Market ready,152.8,296.44
Galle,Tainung,June,0.0024,0.0265,0.9711,2,Market ready,434.5,341.53
Galle,Red_Lady,November,0.009,0.0294,0.9616,2,Market ready,558.5,294.96
Galle,Tainung,January,0.0079,0.0399,0.9522,3,Overripe,298.0,101.13
Galle,Tainung,January,0.7253,0.1533,0.1214,0,Unripe,249.5,172.7
Hambantota,Tainung,May,0.0064,0.0222,0.9714,3,Overripe,370.8,122.79
Matara,Tainung,November,0.0076,0.0891,0.9033,2,Market ready,536.3,311.15
Matara,Red_Lady,May,0.0088,0.0207,0.9705,3,Overripe,215.0,142.36
Matara,Red_Lady,March,0.005,0.0292,0.9658,3,Overripe,346.9,101.84
Galle,Tainung,October,0.005,0.0202,0.9748,3,Overripe,580.2,129.43
Galle,Red_Lady,May,0.7941,0.0934,0.1125,0,Unripe,142.4,146.24
Hambantota,Red_Lady,November,0.3384,0.5703,0.0913,1,Half ripe,226.1,218.32
Hambantota,Red_Lady,March,0.7592,0.1886,0.0522,0,Unripe,351.4,137.29
Matara,Red_Lady,April,0.003,0.0334,0.9636,3,Overripe,172.4,146.81
Hambantota,Tainung,May,0.0178,0.0958,0.8864,2,Market ready,327.9,304.14
Matara,Red_Lady,March,0.3535,0.5466,0.0999,1,Half ripe,608.5,249.58
Matara,Red_Lady,June,0.0067,0.0114,0.9819,3,Overripe,629.8,144.24
Galle,Tainung,February,0.314,0.616,0.07,1,Half ripe,411.5,234.11
Hambantota,Tainung,May,0.009,0.0833,0.9077,2,Market ready,606.4,323.13
Matara,Red_Lady,December,0.2926,0.6303,0.0771,1,Half ripe,122.4,235.63
Matara,Red_Lady,May,0.82,0.0969,0.0831,0,Unripe,199.5,144.1
Matara,Red_Lady,September,0.0029,0.039,0.9581,2,Market ready,328.6,291.55
Galle,Red_Lady,November,0.0249,0.0587,0.9164,2,Market ready,21.5,312.21
Matara,Red_Lady,March,0.3064,0.573,0.1206,1,Half ripe,61.1,232.81
Galle,Tainung,March,0.0047,0.0123,0.983,3,Overripe,257.7,126.01
Matara,Tainung,August,0.0017,0.036,0.9623,3,Overripe,238.0,125.52
Matara,Red_Lady,December,0.0213,0.0838,0.8949,2,Market ready,643.7,287.68
Matara,Tainung,May,0.0077,0.0198,0.9725,3,Overripe,363.1,107.67
Galle,Red_Lady,August,0.2561,0.6311,0.1128,1,Half ripe,244.3,243.32
Hambantota,Tainung,March,0.0025,0.0248,0.9727,3,Overripe,232.9,96.89
Hambantota,Tainung,April,0.013,0.0323,0.9547,2,Market ready,293.6,339.46
Hambantota,Red_Lady,November,0.8517,0.0701,0.0782,0,Unripe,649.3,130.25
Matara,Tainung,November,0.7573,0.1192,0.1235,0,Unripe,145.0,172.01
Galle,Tainung,July,0.8306,0.0888,0.0806,0,Unripe,109.0,130.03
Hambantota,Tainung,February,0.7779,0.1701,0.052,0,Unripe,348.2,148.04
Hambantota,Tainung,December,0.8265,0.0747,0.0988,0,Unripe,89.1,179.48
Matara,Red_Lady,April,0.7953,0.062,0.1427,0,Unripe,416.1,132.39
Hambantota,Red_Lady,November,0.7983,0.0835,0.1182,0,Unripe,217.4,136.37
Hambantota,Red_Lady,January,0.0177,0.0619,0.9204,2,Market ready,261.1,281.93
Galle,Red_Lady,September,0.2677,0.6646,0.0677,1,Half ripe,641.5,228.26
Galle,Red_Lady,April,0.0098,0.025,0.9652,3,Overripe,640.9,123.87
Matara,Tainung,November,0.004,0.0294,0.9666,3,Overripe,229.6,125.19
Matara,Red_Lady,May,0.0097,0.0171,0.9732,3,Overripe,510.0,146.55
Matara,Tainung,November,0.8482,0.101,0.0508,0,Unripe,222.8,165.34
Galle,Red_Lady,June,0.002,0.0364,0.9616,3,Overripe,427.9,100.15
Galle,Red_Lady,January,0.3428,0.5681,0.0891,1,Half ripe,472.8,210.5
Matara,Tainung,September,0.0238,0.0677,0.9085,2,Market ready,384.8,321.47
Galle,Tainung,June,0.8008,0.0741,0.1251,0,Unripe,282.8,151.2
Hambantota,Red_Lady,August,0.008,0.0231,0.9689,3,Overripe,336.5,92.26
Matara,Red_Lady,January,0.2575,0.6807,0.0618,1,Half ripe,587.0,230.61
Hambantota,Red_Lady,March,0.0009,0.0176,0.9815,3,Overripe,499.7,91.64
Matara,Red_Lady,January,0.2573,0.6723,0.0704,1,Half ripe,146.8,242.43
Galle,Red_Lady,June,0.2909,0.6018,0.1073,1,Half ripe,311.5,242.13
Matara,Tainung,June,0.0013,0.0583,0.9404,2,Market ready,432.8,280.92
Galle,Red_Lady,August,0.7539,0.1332,0.1129,0,Unripe,327.3,170.28
Galle,Tainung,August,0.007,0.0388,0.9542,3,Overripe,311.4,122.82
Hambantota,Tainung,December,0.0027,0.0648,0.9325,2,Market ready,558.4,307.27
Hambantota,Tainung,December,0.0078,0.0302,0.962,3,Overripe,603.8,121.36
Matara,Tainung,May,0.0089,0.0588,0.9323,2,Market ready,602.0,282.5
Galle,Red_Lady,April,0.0227,0.0412,0.9361,2,Market ready,533.0,305.28
Galle,Tainung,May,0.0047,0.0226,0.9727,3,Overripe,222.0,140.74
Matara,Tainung,March,0.022,0.0685,0.9095,2,Market ready,305.3,277.35
Hambantota,Tainung,May,0.3383,0.5539,0.1078,1,Half ripe,285.0,247.99
Hambantota,Red_Lady,February,0.0225,0.0499,0.9276,2,Market ready,555.7,315.87
Matara,Red_Lady,May,0.2833,0.6444,0.0723,1,Half ripe,345.4,231.13
Matara,Red_Lady,February,0.3527,0.5413,0.106,1,Half ripe,426.6,254.54
Hambantota,Red_Lady,September,0.3556,0.5628,0.0816,1,Half ripe,233.7,205.71
Galle,Red_Lady,December,0.3675,0.5401,0.0924,1,Half ripe,614.3,220.25
Galle,Tainung,November,0.7876,0.0892,0.1232,0,Unripe,228.7,161.83
Matara,Tainung,November,0.0024,0.0128,0.9848,3,Overripe,123.3,114.15
Galle,Red_Lady,August,0.3577,0.5725,0.0698,1,Half ripe,328.3,209.69
Matara,Red_Lady,October,0.3499,0.5849,0.0652,1,Half ripe,586.7,232.55
Matara,Red_Lady,May,0.358,0.5198,0.1222,1,Half ripe,115.2,205.88
Hambantota,Tainung,April,0.2327,0.6763,0.091,1,Half ripe,405.7,253.16
Hambantota,Tainung,March,0.0087,0.0229,0.9684,3,Overripe,499.0,95.53
Matara,Tainung,February,0.0149,0.0441,0.941,2,Market ready,499.8,316.06
Matara,Tainung,July,0.3388,0.6052,0.056,1,Half ripe,498.7,251.44
Galle,Tainung,July,0.0076,0.0873,0.9051,2,Market ready,93.1,300.22
Matara,Tainung,March,0.2955,0.6078,0.0967,1,Half ripe,250.2,229.16
Matara,Red_Lady,March,0.0146,0.0768,0.9086,2,Market ready,634.0,333.33
Matara,Tainung,August,0.0065,0.0321,0.9614,3,Overripe,235.5,113.8
Galle,Tainung,October,0.8328,0.089,0.0782,0,Unripe,487.8,151.28
Matara,Red_Lady,March,0.263,0.61,0.127,1,Half ripe,181.4,202.1
Galle,Red_Lady,June,0.2625,0.6541,0.0834,1,Half ripe,578.2,200.95
Matara,Tainung,October,0.0014,0.0395,0.9591,3,Overripe,374.2,92.96
Matara,Tainung,April,0.0195,0.0484,0.9321,2,Market ready,149.4,325.85
Galle,Red_Lady,May,0.0053,0.0304,0.9643,3,Overripe,605.5,115.48
Galle,Tainung,January,0.0099,0.0245,0.9656,3,Overripe,181.2,130.42
Galle,Tainung,February,0.0262,0.0868,0.887,2,Market ready,521.6,315.11
Hambantota,Red_Lady,September,0.8214,0.1204,0.0582,0,Unripe,154.4,175.59
Matara,Tainung,April,0.7953,0.1048,0.0999,0,Unripe,222.6,134.83
Hambantota,Tainung,December,0.2394,0.6521,0.1085,1,Half ripe,416.0,203.88
Matara,Tainung,January,0.2503,0.638,0.1117,1,Half ripe,169.1,230.19
Matara,Tainung,March,0.7338,0.1649,0.1013,0,Unripe,103.3,170.63
Hambantota,Red_Lady,March,0.0295,0.0501,0.9204,2,Market ready,606.0,314.23
Galle,Tainung,June,0.8078,0.1052,0.087,0,Unripe,492.5,171.23
Galle,Red_Lady,March,0.8189,0.0679,0.1132,0,Unripe,443.6,177.31
Matara,Tainung,June,0.0131,0.048,0.9389,2,Market ready,606.6,285.56
Galle,Tainung,July,0.0031,0.0463,0.9506,2,Market ready,194.9,318.69
Matara,Red_Lady,August,0.0258,0.091,0.8832,2,Market ready,333.3,291.05
Hambantota,Tainung,December,0.0057,0.0355,0.9588,3,Overripe,349.0,145.97
Hambantota,Red_Lady,April,0.0008,0.035,0.9642,2,Market ready,138.1,304.95
Matara,Red_Lady,February,0.7368,0.1641,0.0991,0,Unripe,386.9,159.84
Galle,Tainung,December,0.0058,0.0268,0.9674,3,Overripe,213.1,136.11
Matara,Red_Lady,June,0.2901,0.6393,0.0706,1,Half ripe,95.4,239.06
Galle,Red_Lady,June,0.0001,0.0381,0.9618,3,Overripe,172.3,130.51
Matara,Tainung,April,0.7163,0.1715,0.1122,0,Unripe,263.5,134.96
Hambantota,Tainung,March,0.6943,0.1873,0.1184,0,Unripe,500.4,164.31
Galle,Red_Lady,July,0.0068,0.0105,0.9827,3,Overripe,291.9,125.44
Galle,Tainung,July,0.0003,0.0375,0.9622,3,Overripe,132.4,103.71
Galle,Red_Lady,April,0.0271,0.0831,0.8898,2,Market ready,307.5,301.74
Hambantota,Tainung,January,0.334,0.6053,0.0607,1,Half ripe,223.3,242.33
Hambantota,Tainung,November,0.0257,0.0603,0.914,2,Market ready,445.2,330.44
Matara,Red_Lady,February,0.7432,0.1525,0.1043,0,Unripe,168.8,147.48
Matara,Tainung,December,0.0013,0.0357,0.963,3,Overripe,67.0,93.4
Galle,Red_Lady,January,0.0048,0.073,0.9222,2,Market ready,417.4,276.99
Hambantota,Red_Lady,September,0.3405,0.5866,0.0729,1,Half ripe,446.5,203.7
Hambantota,Red_Lady,January,0.0287,0.0972,0.8741,2,Market ready,481.8,317.72
Hambantota,Tainung,March,0.0073,0.0123,0.9804,3,Overripe,240.0,98.09
Hambantota,Tainung,July,0.8329,0.0607,0.1064,0,Unripe,371.7,138.29
Galle,Red_Lady,August,0.0062,0.0222,0.9716,3,Overripe,314.5,100.11
Hambantota,Red_Lady,December,0.7784,0.1502,0.0714,0,Unripe,180.6,176.48
Hambantota,Red_Lady,April,0.0213,0.0662,0.9125,2,Market ready,623.0,325.55
Matara,Red_Lady,March,0.3455,0.5358,0.1187,1,Half ripe,476.5,227.29
Hambantota,Tainung,December,0.0092,0.0223,0.9685,3,Overripe,152.3,127.77
Hambantota,Tainung,June,0.0267,0.0574,0.9159,2,Market ready,578.3,324.48
Hambantota,Red_Lady,September,0.3839,0.5505,0.0656,1,Half ripe,43.8,243.63
Galle,Red_Lady,August,0.0054,0.016,0.9786,3,Overripe,390.4,124.17
Galle,Red_Lady,November,0.3726,0.5001,0.1273,1,Half ripe,80.8,246.57
Galle,Tainung,February,0.0215,0.0225,0.956,2,Market ready,195.6,337.45
Hambantota,Red_Lady,April,0.7211,0.1566,0.1223,0,Unripe,508.5,161.48
Galle,Tainung,April,0.6881,0.1932,0.1187,0,Unripe,530.5,161.83
Hambantota,Red_Lady,August,0.7472,0.1477,0.1051,0,Unripe,46.8,164.28
Galle,Red_Lady,January,0.0041,0.012,0.9839,3,Overripe,99.9,131.81
Galle,Red_Lady,January,0.7045,0.1692,0.1263,0,Unripe,325.7,158.23
Matara,Tainung,July,0.3274,0.5723,0.1003,1,Half ripe,463.4,254.45
Matara,Tainung,January,0.8059,0.0805,0.1136,0,Unripe,141.8,176.88
Hambantota,Tainung,June,0.7222,0.1682,0.1096,0,Unripe,469.5,165.61
Matara,Tainung,November,0.0066,0.0382,0.9552,2,Market ready,296.8,294.76
Hambantota,Tainung,December,0.0057,0.0302,0.9641,3,Overripe,319.3,98.37
Matara,Red_Lady,December,0.3599,0.5373,0.1028,1,Half ripe,168.5,212.94
Galle,Red_Lady,April,0.7482,0.1281,0.1237,0,Unripe,347.6,149.88
Galle,Red_Lady,August,0.3118,0.5673,0.1209,1,Half ripe,272.2,248.97
Matara,Tainung,June,0.7574,0.1403,0.1023,0,Unripe,363.0,176.33
Galle,Tainung,May,0.7801,0.0928,0.1271,0,Unripe,306.3,150.27
Hambantota,Tainung,May,0.3743,0.5461,0.0796,1,Half ripe,197.1,216.6
Galle,Red_Lady,November,0.7691,0.1313,0.0996,0,Unripe,436.0,142.5
Hambantota,Tainung,April,0.0022,0.0247,0.9731,3,Overripe,43.7,107.95
Hambantota,Red_Lady,September,0.0052,0.0324,0.9624,3,Overripe,145.8,114.15
Hambantota,Tainung,March,0.0016,0.0308,0.9676,3,Overripe,312.2,106.63
Hambantota,Red_Lady,February,0.3683,0.5097,0.122,1,Half ripe,478.2,227.66
Matara,Tainung,October,0.3005,0.6145,0.085,1,Half ripe,375.2,220.56
Galle,Tainung,July,0.0172,0.0274,0.9554,2,Market ready,23.9,328.9
Hambantota,Tainung,March,0.0015,0.0317,0.9668,3,Overripe,485.6,128.25
Matara,Tainung,November,0.0019,0.0275,0.9706,3,Overripe,492.5,143.12
Hambantota,Tainung,December,0.8609,0.0849,0.0542,0,Unripe,434.2,134.18
Galle,Tainung,December,0.0212,0.0757,0.9031,2,Market ready,48.4,306.24
Matara,Red_Lady,August,0.2859,0.5748,0.1393,1,Half ripe,529.0,246.21
Matara,Tainung,May,0.7898,0.1238,0.0864,0,Unripe,380.0,136.46
Galle,Tainung,August,0.2657,0.6385,0.0958,1,Half ripe,412.6,225.45
Hambantota,Red_Lady,September,0.3723,0.558,0.0697,1,Half ripe,586.0,196.55
Galle,Red_Lady,February,0.0079,0.0282,0.9639,3,Overripe,50.3,109.12
Galle,Tainung,July,0.008,0.0177,0.9743,3,Overripe,508.7,116.9
Hambantota,Tainung,March,0.349,0.5435,0.1075,1,Half ripe,451.7,216.66
Galle,Tainung,October,0.014,0.0482,0.9378,2,Market ready,105.9,329.14
Galle,Tainung,May,0.2528,0.6369,0.1103,1,Half ripe,414.9,228.17
Hambantota,Tainung,August,0.2754,0.6559,0.0687,1,Half ripe,210.5,206.0
Galle,Red_Lady,October,0.8229,0.0668,0.1103,0,Unripe,455.3,145.17
Galle,Tainung,October,0.006,0.0261,0.9679,3,Overripe,412.8,103.99
Galle,Tainung,August,0.2791,0.6586,0.0623,1,Half ripe,221.7,202.31
Hambantota,Red_Lady,July,0.0245,0.0789,0.8966,2,Market ready,570.6,327.85
Hambantota,Red_Lady,August,0.7773,0.0902,0.1325,0,Unripe,550.1,177.25
Galle,Red_Lady,September,0.7515,0.1947,0.0538,0,Unripe,565.2,169.38
Galle,Tainung,December,0.0001,0.0298,0.9701,2,Market ready,84.7,306.16
Hambantota,Tainung,November,0.7534,0.1149,0.1317,0,Unripe,24.0,151.82
Hambantota,Red_Lady,August,0.0,0.0297,0.9703,3,Overripe,324.9,136.59
Matara,Tainung,January,0.0243,0.0873,0.8884,2,Market ready,343.3,322.88
Hambantota,Red_Lady,February,0.0099,0.0199,0.9702,3,Overripe,349.6,148.07
Hambantota,Red_Lady,October,0.7046,0.1711,0.1243,0,Unripe,475.4,134.49
Matara,Red_Lady,March,0.2632,0.6444,0.0924,1,Half ripe,534.4,209.29
Galle,Red_Lady,October,0.7447,0.1878,0.0675,0,Unripe,77.6,171.23
Galle,Red_Lady,December,0.0166,0.075,0.9084,2,Market ready,258.6,289.59
Galle,Red_Lady,February,0.3261,0.5657,0.1082,1,Half ripe,183.4,249.07
Matara,Tainung,June,0.3546,0.5711,0.0743,1,Half ripe,134.2,201.78
Hambantota,Tainung,July,0.8245,0.0826,0.0929,0,Unripe,219.6,165.05
Galle,Red_Lady,February,0.0084,0.014,0.9776,3,Overripe,608.0,98.86
Galle,Red_Lady,May,0.0038,0.0339,0.9623,3,Overripe,403.6,122.19
Hambantota,Red_Lady,June,0.0047,0.0246,0.9707,3,Overripe,228.6,104.42
Matara,Red_Lady,October,0.0244,0.0381,0.9375,2,Market ready,268.5,292.72
Matara,Tainung,January,0.3258,0.5876,0.0866,1,Half ripe,90.7,251.29
Hambantota,Tainung,February,0.3856,0.5185,0.0959,1,Half ripe,261.5,230.52
Galle,Red_Lady,May,0.2816,0.5934,0.125,1,Half ripe,446.3,212.43
Galle,Tainung,March,0.0043,0.0195,0.9762,3,Overripe,242.2,95.91
Galle,Tainung,February,0.3134,0.6,0.0866,1,Half ripe,550.5,244.56
Galle,Tainung,January,0.7757,0.1203,0.104,0,Unripe,440.4,156.15
Hambantota,Red_Lady,March,0.827,0.0989,0.0741,0,Unripe,418.6,158.16
Hambantota,Red_Lady,June,0.0299,0.0333,0.9368,2,Market ready,75.8,316.47
Hambantota,Tainung,May,0.2737,0.5931,0.1332,1,Half ripe,375.6,252.82
Galle,Tainung,April,0.2835,0.5884,0.1281,1,Half ripe,98.5,239.62
Galle,Red_Lady,August,0.2904,0.5948,0.1148,1,Half ripe,460.8,235.22
Matara,Tainung,September,0.0043,0.0361,0.9596,3,Overripe,263.4,111.84
Matara,Tainung,August,0.004,0.0123,0.9837,3,Overripe,282.1,95.21
Matara,Red_Lady,April,0.3192,0.5708,0.11,1,Half ripe,82.1,209.02
Galle,Red_Lady,July,0.0129,0.062,0.9251,2,Market ready,59.5,293.47
Galle,Red_Lady,October,0.0027,0.0331,0.9642,3,Overripe,180.7,109.54
Galle,Tainung,October,0.0141,0.0287,0.9572,2,Market ready,162.0,306.7
Matara,Red_Lady,July,0.0056,0.0638,0.9306,2,Market ready,133.9,291.76
Galle,Tainung,January,0.005,0.0249,0.9701,2,Market ready,531.0,316.04
Matara,Red_Lady,March,0.0247,0.0753,0.9,2,Market ready,261.1,297.87
Matara,Red_Lady,December,0.0094,0.0834,0.9072,2,Market ready,524.0,340.41
Matara,Red_Lady,February,0.3643,0.5704,0.0653,1,Half ripe,281.5,214.01
Hambantota,Tainung,January,0.3098,0.5711,0.1191,1,Half ripe,632.8,243.88
Matara,Tainung,March,0.8208,0.0889,0.0903,0,Unripe,640.8,155.31
Hambantota,Red_Lady,September,0.2908,0.6291,0.0801,1,Half ripe,503.7,209.32
Matara,Red_Lady,October,0.0261,0.034,0.9399,2,Market ready,184.4,327.63
Galle,Tainung,March,0.7523,0.1614,0.0863,0,Unripe,314.7,147.99
Galle,Tainung,December,0.7197,0.1741,0.1062,0,Unripe,132.6,162.67
Matara,Tainung,November,0.7432,0.2026,0.0542,0,Unripe,123.3,164.6
Matara,Tainung,July,0.3346,0.5868,0.0786,1,Half ripe,340.4,201.86
Hambantota,Red_Lady,November,0.007,0.0234,0.9696,2,Market ready,472.0,337.73
Matara,Red_Lady,June,0.0073,0.0206,0.9721,3,Overripe,622.3,102.54
Matara,Red_Lady,May,0.0158,0.0497,0.9345,2,Market ready,320.8,321.15
Hambantota,Tainung,January,0.2757,0.6292,0.0951,1,Half ripe,240.5,195.12
Matara,Tainung,September,0.3481,0.5773,0.0746,1,Half ripe,596.8,207.05
Matara,Tainung,July,0.0081,0.0872,0.9047,2,Market ready,347.7,310.73
Hambantota,Tainung,November,0.7416,0.1677,0.0907,0,Unripe,368.1,139.34
Hambantota,Red_Lady,May,0.0223,0.0716,0.9061,2,Market ready,363.7,341.57
Hambantota,Red_Lady,February,0.3329,0.5957,0.0714,1,Half ripe,606.1,234.73
Galle,Red_Lady,May,0.0043,0.0707,0.925,2,Market ready,271.0,332.54
Galle,Tainung,June,0.0126,0.0686,0.9188,2,Market ready,168.7,303.31
Matara,Tainung,August,0.7381,0.1751,0.0868,0,Unripe,335.7,166.17
Galle,Tainung,January,0.317,0.5721,0.1109,1,Half ripe,137.0,226.44
Galle,Tainung,February,0.0166,0.0218,0.9616,2,Market ready,24.6,281.18
Galle,Red_Lady,February,0.0059,0.0903,0.9038,2,Market ready,515.3,286.08
Matara,Red_Lady,September,0.008,0.0312,0.9608,3,Overripe,562.6,106.75
Matara,Tainung,April,0.0294,0.0595,0.9111,2,Market ready,471.2,330.31
Galle,Tainung,October,0.2881,0.5766,0.1353,1,Half ripe,29.2,229.05
Hambantota,Red_Lady,October,0.2738,0.6262,0.1,1,Half ripe,74.4,214.42
Hambantota,Red_Lady,November,0.7868,0.1354,0.0778,0,Unripe,425.3,158.5
Galle,Tainung,June,0.7979,0.1003,0.1018,0,Unripe,177.3,152.14
Hambantota,Red_Lady,November,0.2826,0.6238,0.0936,1,Half ripe,252.4,242.44
Matara,Tainung,September,0.3162,0.5909,0.0929,1,Half ripe,599.2,216.78
Galle,Red_Lady,September,0.0252,0.0723,0.9025,2,Market ready,374.5,284.77
Hambantota,Tainung,March,0.0094,0.0176,0.973,3,Overripe,566.5,95.55
Galle,Tainung,June,0.7735,0.0767,0.1498,0,Unripe,350.6,150.6
Hambantota,Red_Lady,March,0.0079,0.0197,0.9724,3,Overripe,610.6,135.87
Galle,Red_Lady,April,0.8303,0.0815,0.0882,0,Unripe,582.0,170.54
Matara,Red_Lady,April,0.3205,0.5939,0.0856,1,Half ripe,364.8,211.89
Hambantota,Tainung,October,0.0039,0.015,0.9811,3,Overripe,473.3,147.82
Galle,Tainung,June,0.7586,0.1417,0.0997,0,Unripe,81.4,133.97
Matara,Tainung,November,0.2912,0.5992,0.1096,1,Half ripe,68.4,198.12
Hambantota,Tainung,September,0.7218,0.1808,0.0974,0,Unripe,411.9,166.11
Matara,Red_Lady,December,0.2842,0.6113,0.1045,1,Half ripe,359.9,219.0
Hambantota,Red_Lady,July,0.3466,0.5735,0.0799,1,Half ripe,171.3,229.37
Matara,Tainung,December,0.2535,0.6381,0.1084,1,Half ripe,521.4,199.65
Matara,Red_Lady,December,0.7606,0.1316,0.1078,0,Unripe,84.1,142.95
Matara,Tainung,April,0.3317,0.5499,0.1184,1,Half ripe,200.9,224.83
Hambantota,Tainung,December,0.004,0.0944,0.9016,2,Market ready,453.6,280.2
Matara,Red_Lady,May,0.7222,0.1374,0.1404,0,Unripe,190.3,169.21
Hambantota,Tainung,October,0.3566,0.57,0.0734,1,Half ripe,225.7,232.52
Galle,Red_Lady,September,0.7917,0.1635,0.0448,0,Unripe,429.6,138.15
Hambantota,Tainung,August,0.7024,0.1818,0.1158,0,Unripe,395.2,132.59
Hambantota,Tainung,February,0.0019,0.0162,0.9819,3,Overripe,519.1,143.88
Matara,Tainung,October,0.8785,0.0696,0.0519,0,Unripe,353.3,163.86
Matara,Red_Lady,October,0.229,0.6423,0.1287,1,Half ripe,418.0,236.06
Galle,Tainung,December,0.0031,0.0136,0.9833,3,Overripe,573.1,149.4
Matara,Red_Lady,January,0.7792,0.1558,0.065,0,Unripe,411.5,146.17
Hambantota,Red_Lady,November,0.0293,0.0332,0.9375,2,Market ready,179.2,288.56
Galle,Tainung,December,0.805,0.1288,0.0662,0,Unripe,583.7,149.48
Matara,Red_Lady,October,0.7787,0.0856,0.1357,0,Unripe,588.9,137.35
Hambantota,Tainung,February,0.7636,0.1244,0.112,0,Unripe,486.9,150.65
Hambantota,Red_Lady,May,0.0198,0.0386,0.9416,2,Market ready,67.5,281.06
Matara,Tainung,October,0.2698,0.6143,0.1159,1,Half ripe,348.5,252.03
Galle,Tainung,October,0.7015,0.1722,0.1263,0,Unripe,176.7,133.4
Hambantota,Red_Lady,December,0.002,0.0226,0.9754,3,Overripe,614.0,105.37
Hambantota,Tainung,April,0.0079,0.0214,0.9707,3,Overripe,323.2,98.13
Matara,Red_Lady,July,0.7888,0.1517,0.0595,0,Unripe,602.6,174.51
Matara,Tainung,May,0.8236,0.1364,0.04,0,Unripe,220.2,160.83
Matara,Red_Lady,August,0.0087,0.0294,0.9619,3,Overripe,101.0,130.74
Hambantota,Red_Lady,July,0.8011,0.1014,0.0975,0,Unripe,251.3,172.62
Galle,Red_Lady,February,0.8138,0.0911,0.0951,0,Unripe,527.5,153.53
Hambantota,Red_Lady,August,0.0097,0.0228,0.9675,3,Overripe,457.4,121.43
Matara,Red_Lady,November,0.0029,0.0271,0.97,2,Market ready,163.2,289.0
Hambantota,Tainung,October,0.8134,0.0667,0.1199,0,Unripe,519.3,148.58
Hambantota,Red_Lady,September,0.0084,0.03,0.9616,3,Overripe,94.9,110.22
Galle,Tainung,March,0.0025,0.0276,0.9699,3,Overripe,212.5,148.29
Matara,Tainung,February,0.7444,0.1103,0.1453,0,Unripe,641.6,177.16
Matara,Tainung,May,0.8045,0.0949,0.1006,0,Unripe,349.9,165.86
Matara,Red_Lady,March,0.0267,0.0794,0.8939,2,Market ready,417.4,290.86
Matara,Tainung,June,0.827,0.0875,0.0855,0,Unripe,507.7,155.91
Hambantota,Red_Lady,March,0.007,0.0663,0.9267,2,Market ready,248.9,322.52
Galle,Tainung,March,0.7191,0.1431,0.1378,0,Unripe,643.6,177.02
Matara,Tainung,August,0.3895,0.5306,0.0799,1,Half ripe,478.4,223.78
Galle,Tainung,February,0.3641,0.5283,0.1076,1,Half ripe,469.7,225.35
Hambantota,Red_Lady,April,0.0048,0.0338,0.9614,3,Overripe,150.6,102.13
Hambantota,Red_Lady,January,0.0093,0.0189,0.9718,3,Overripe,458.7,118.07
Hambantota,Tainung,September,0.7816,0.1772,0.0412,0,Unripe,593.7,143.58
Galle,Red_Lady,August,0.3478,0.5879,0.0643,1,Half ripe,458.4,223.25
Galle,Red_Lady,November,0.0268,0.0353,0.9379,2,Market ready,389.3,316.28
Galle,Red_Lady,March,0.026,0.0629,0.9111,2,Market ready,563.7,328.59
Matara,Red_Lady,September,0.0252,0.0467,0.9281,2,Market ready,24.7,321.64
Hambantota,Tainung,December,0.0,0.0787,0.9213,2,Market ready,216.7,284.66
Galle,Red_Lady,December,0.0076,0.0184,0.974,3,Overripe,283.4,144.32
Galle,Red_Lady,January,0.3893,0.5244,0.0863,1,Half ripe,31.5,246.55
Matara,Red_Lady,October,0.7955,0.1233,0.0812,0,Unripe,298.2,174.95
Matara,Tainung,April,0.0095,0.0718,0.9187,2,Market ready,597.8,287.74
Hambantota,Tainung,July,0.0085,0.0595,0.932,2,Market ready,619.6,330.31
Matara,Tainung,January,0.0026,0.0258,0.9716,3,Overripe,233.4,96.83
Hambantota,Red_Lady,October,0.0091,0.0292,0.9617,3,Overripe,387.9,94.6
Hambantota,Tainung,June,0.3355,0.5329,0.1316,1,Half ripe,98.7,228.27
Galle,Red_Lady,June,0.0064,0.0265,0.9671,3,Overripe,347.2,138.31
Galle,Tainung,February,0.0201,0.0723,0.9076,2,Market ready,288.2,342.3
Hambantota,Red_Lady,February,0.005,0.0964,0.8986,2,Market ready,567.9,312.23
Matara,Red_Lady,November,0.0004,0.0313,0.9683,3,Overripe,35.2,119.66
Galle,Tainung,February,0.0251,0.0844,0.8905,2,Market ready,113.9,342.92
Matara,Red_Lady,August,0.2697,0.5949,0.1354,1,Half ripe,496.4,231.17
Hambantota,Tainung,January,0.7628,0.1418,0.0954,0,Unripe,640.2,154.38
Hambantota,Red_Lady,September,0.0222,0.0631,0.9147,2,Market ready,131.7,344.59
Matara,Red_Lady,January,0.3075,0.5666,0.1259,1,Half ripe,80.9,239.98
Galle,Red_Lady,July,0.0004,0.0952,0.9044,2,Market ready,608.9,298.45
Galle,Red_Lady,April,0.2865,0.6087,0.1048,1,Half ripe,606.5,222.49
Galle,Red_Lady,March,0.2358,0.6798,0.0844,1,Half ripe,617.3,208.82
Galle,Tainung,November,0.715,0.1503,0.1347,0,Unripe,98.2,135.65
Matara,Red_Lady,February,0.7968,0.1523,0.0509,0,Unripe,642.0,162.32
Galle,Red_Lady,April,0.0216,0.0955,0.8829,2,Market ready,525.5,277.79
Matara,Tainung,January,0.3307,0.5816,0.0877,1,Half ripe,314.2,252.36
Matara,Tainung,December,0.3617,0.5629,0.0754,1,Half ripe,27.3,228.04
Matara,Tainung,March,0.333,0.5942,0.0728,1,Half ripe,626.4,246.17
Hambantota,Red_Lady,December,0.3371,0.5908,0.0721,1,Half ripe,158.0,195.26
Hambantota,Tainung,February,0.3747,0.5164,0.1089,1,Half ripe,241.3,251.43
Hambantota,Tainung,December,0.272,0.6063,0.1217,1,Half ripe,593.9,249.12
Hambantota,Red_Lady,November,0.7331,0.1753,0.0916,0,Unripe,611.6,139.86
Galle,Tainung,February,0.776,0.09,0.134,0,Unripe,611.1,147.01
Hambantota,Tainung,February,0.3019,0.5909,0.1072,1,Half ripe,56.4,234.94
Galle,Tainung,May,0.0048,0.0104,0.9848,3,Overripe,168.3,107.13
Hambantota,Tainung,November,0.0004,0.0423,0.9573,2,Market ready,353.8,313.79
Galle,Red_Lady,January,0.7745,0.1231,0.1024,0,Unripe,154.3,138.5
Galle,Red_Lady,August,0.0168,0.0687,0.9145,2,Market ready,525.1,329.3
Hambantota,Tainung,December,0.008,0.0269,0.9651,3,Overripe,249.8,144.02
Matara,Tainung,January,0.0234,0.0756,0.901,2,Market ready,515.8,292.81
Matara,Red_Lady,November,0.0159,0.0929,0.8912,2,Market ready,547.8,319.48
Galle,Red_Lady,November,0.0037,0.0777,0.9186,2,Market ready,223.3,282.8
Matara,Red_Lady,August,0.0225,0.0652,0.9123,2,Market ready,336.7,301.11
Galle,Tainung,September,0.7518,0.1465,0.1017,0,Unripe,205.7,164.8
Matara,Red_Lady,December,0.0238,0.0432,0.933,2,Market ready,252.9,319.64
Galle,Tainung,October,0.019,0.0777,0.9033,2,Market ready,75.8,278.48
Matara,Red_Lady,November,0.0103,0.0634,0.9263,2,Market ready,594.8,344.81
Matara,Red_Lady,November,0.0066,0.0305,0.9629,3,Overripe,562.2,122.48
Galle,Tainung,March,0.3211,0.5592,0.1197,1,Half ripe,164.9,240.3
Hambantota,Red_Lady,August,0.8487,0.0898,0.0615,0,Unripe,601.8,148.57
Galle,Red_Lady,December,0.7085,0.1602,0.1313,0,Unripe,641.2,155.55
Galle,Red_Lady,January,0.013,0.0899,0.8971,2,Market ready,369.2,277.47
Galle,Red_Lady,December,0.0078,0.0331,0.9591,3,Overripe,216.0,124.36
Galle,Tainung,May,0.0006,0.0818,0.9176,2,Market ready,500.3,311.66
Matara,Tainung,March,0.3071,0.5597,0.1332,1,Half ripe,250.8,217.68
Galle,Tainung,April,0.2772,0.5968,0.126,1,Half ripe,578.9,235.9
Galle,Red_Lady,September,0.7771,0.1302,0.0927,0,Unripe,219.8,151.14
Matara,Tainung,October,0.8249,0.0992,0.0759,0,Unripe,575.7,166.49
Matara,Tainung,June,0.0162,0.0702,0.9136,2,Market ready,307.8,329.22
Hambantota,Tainung,July,0.0024,0.0152,0.9824,3,Overripe,531.8,98.41
Matara,Red_Lady,March,0.2646,0.6203,0.1151,1,Half ripe,460.4,202.37
Matara,Red_Lady,May,0.8205,0.1287,0.0508,0,Unripe,629.6,145.07
Matara,Tainung,April,0.7165,0.1641,0.1194,0,Unripe,536.0,144.55
Galle,Tainung,April,0.3286,0.5858,0.0856,1,Half ripe,424.9,238.4
Galle,Red_Lady,October,0.0102,0.0396,0.9502,2,Market ready,155.0,321.48
Galle,Tainung,February,0.3536,0.5458,0.1006,1,Half ripe,393.4,213.52
Hambantota,Tainung,May,0.3542,0.5497,0.0961,1,Half ripe,121.0,225.59
Galle,Red_Lady,October,0.768,0.1147,0.1173,0,Unripe,189.9,137.78
Hambantota,Red_Lady,June,0.0079,0.0337,0.9584,3,Overripe,137.9,125.21
Hambantota,Tainung,September,0.7882,0.0973,0.1145,0,Unripe,181.5,177.39
Galle,Red_Lady,August,0.3166,0.5622,0.1212,1,Half ripe,185.5,204.76
Matara,Tainung,August,0.0085,0.0371,0.9544,3,Overripe,399.4,125.17
Hambantota,Tainung,September,0.0032,0.032,0.9648,3,Overripe,630.3,103.97
Matara,Red_Lady,June,0.0009,0.0228,0.9763,3,Overripe,171.5,124.5
Hambantota,Tainung,September,0.0013,0.0591,0.9396,2,Market ready,527.5,291.2
Matara,Red_Lady,September,0.0252,0.0969,0.8779,2,Market ready,223.3,309.99
Galle,Red_Lady,January,0.0167,0.0353,0.948,2,Market ready,638.2,320.26
Galle,Tainung,November,0.8774,0.0736,0.049,0,Unripe,235.3,176.62
Galle,Red_Lady,July,0.8264,0.1117,0.0619,0,Unripe,309.4,150.75
Hambantota,Tainung,October,0.2599,0.6387,0.1014,1,Half ripe,388.0,203.91
Galle,Red_Lady,February,0.0171,0.0735,0.9094,2,Market ready,102.8,335.44
Matara,Red_Lady,July,0.7136,0.1497,0.1367,0,Unripe,611.0,178.18
Hambantota,Red_Lady,January,0.8465,0.0885,0.065,0,Unripe,144.0,138.06
Matara,Tainung,February,0.2429,0.6273,0.1298,1,Half ripe,49.0,231.85
Matara,Tainung,January,0.8353,0.0763,0.0884,0,Unripe,197.2,146.79
Matara,Tainung,June,0.3184,0.5641,0.1175,1,Half ripe,338.2,228.99
Hambantota,Tainung,August,0.0093,0.0244,0.9663,3,Overripe,507.8,112.46
Hambantota,Red_Lady,November,0.0273,0.0499,0.9228,2,Market ready,68.6,315.0
Galle,Red_Lady,August,0.0071,0.0163,0.9766,3,Overripe,293.1,127.42
Matara,Red_Lady,April,0.7223,0.1553,0.1224,0,Unripe,165.0,172.48
Matara,Tainung,December,0.2697,0.6621,0.0682,1,Half ripe,107.4,219.76
Galle,Red_Lady,October,0.8497,0.1061,0.0442,0,Unripe,394.3,158.9
Matara,Red_Lady,August,0.3746,0.5657,0.0597,1,Half ripe,191.9,207.48
Matara,Tainung,June,0.345,0.5322,0.1228,1,Half ripe,254.3,233.1
Galle,Tainung,February,0.0095,0.0294,0.9611,3,Overripe,542.7,146.85
Galle,Red_Lady,February,0.0051,0.0202,0.9747,3,Overripe,217.4,115.55
Hambantota,Tainung,November,0.0137,0.0913,0.895,2,Market ready,296.5,309.17
Hambantota,Tainung,November,0.8327,0.096,0.0713,0,Unripe,459.6,139.57
Galle,Tainung,May,0.3122,0.6201,0.0677,1,Half ripe,508.6,228.02
Galle,Red_Lady,May,0.0076,0.0193,0.9731,3,Overripe,630.7,108.55
Galle,Red_Lady,June,0.004,0.0337,0.9623,3,Overripe,117.4,93.74
Galle,Tainung,August,0.0082,0.0285,0.9633,3,Overripe,266.8,108.1
Galle,Tainung,November,0.0201,0.0784,0.9015,2,Market ready,112.6,333.15
Hambantota,Red_Lady,February,0.3528,0.539,0.1082,1,Half ripe,484.7,254.51
Galle,Tainung,September,0.0032,0.0106,0.9862,3,Overripe,180.2,117.23
Galle,Red_Lady,May,0.0052,0.0247,0.9701,3,Overripe,256.2,144.23
Matara,Tainung,January,0.3076,0.6104,0.082,1,Half ripe,294.2,221.91
Hambantota,Red_Lady,August,0.0033,0.0846,0.9121,2,Market ready,330.7,323.9
Matara,Tainung,November,0.3671,0.5188,0.1141,1,Half ripe,253.0,247.12
Hambantota,Red_Lady,October,0.7331,0.1722,0.0947,0,Unripe,154.1,138.92
Matara,Red_Lady,September,0.308,0.5725,0.1195,1,Half ripe,197.2,199.33
Hambantota,Red_Lady,May,0.002,0.0222,0.9758,3,Overripe,112.4,109.13
Matara,Tainung,June,0.7687,0.1327,0.0986,0,Unripe,71.6,157.37
Matara,Tainung,September,0.7983,0.0914,0.1103,0,Unripe,560.2,153.92
Galle,Tainung,December,0.0084,0.0295,0.9621,3,Overripe,483.7,103.02
Galle,Red_Lady,September,0.7811,0.1519,0.067,0,Unripe,635.0,130.59
Hambantota,Tainung,March,0.2323,0.6776,0.0901,1,Half ripe,198.2,219.55
Hambantota,Tainung,July,0.0039,0.0389,0.9572,2,Market ready,27.2,329.61
Galle,Red_Lady,March,0.006,0.0316,0.9624,3,Overripe,291.7,107.99
Hambantota,Tainung,October,0.3674,0.5194,0.1132,1,Half ripe,436.8,209.82
Matara,Tainung,December,0.3914,0.5364,0.0722,1,Half ripe,618.3,248.57
Galle,Red_Lady,December,0.0094,0.0437,0.9469,2,Market ready,60.2,307.0
Galle,Tainung,July,0.0088,0.0255,0.9657,3,Overripe,195.0,106.72
Hambantota,Red_Lady,January,0.7862,0.1307,0.0831,0,Unripe,289.7,133.54
Matara,Red_Lady,October,0.0116,0.0489,0.9395,2,Market ready,375.1,339.79
Matara,Red_Lady,September,0.7466,0.1708,0.0826,0,Unripe,54.4,179.03
Galle,Red_Lady,November,0.0185,0.0415,0.94,2,Market ready,222.9,289.77
Matara,Tainung,February,0.7873,0.1062,0.1065,0,Unripe,167.4,160.72
Galle,Red_Lady,July,0.022,0.0345,0.9435,2,Market ready,630.4,277.19
Hambantota,Tainung,June,0.2355,0.628,0.1365,1,Half ripe,524.7,198.09
Hambantota,Tainung,February,0.0044,0.0126,0.983,3,Overripe,239.6,116.29
Matara,Tainung,July,0.2807,0.6136,0.1057,1,Half ripe,406.0,242.1
Hambantota,Tainung,September,0.7692,0.1537,0.0771,0,Unripe,440.8,175.83
Galle,Red_Lady,May,0.7003,0.1785,0.1212,0,Unripe,286.1,159.22
Galle,Tainung,June,0.0015,0.0549,0.9436,2,Market ready,585.4,307.74
Galle,Red_Lady,November,0.2441,0.6197,0.1362,1,Half ripe,430.3,201.86
Hambantota,Tainung,May,0.7347,0.1791,0.0862,0,Unripe,625.0,139.84
Hambantota,Red_Lady,March,0.2414,0.6403,0.1183,1,Half ripe,329.0,238.01
Hambantota,Red_Lady,January,0.8207,0.1313,0.048,0,Unripe,409.0,161.21
Hambantota,Tainung,February,0.2812,0.6304,0.0884,1,Half ripe,315.9,249.62
Matara,Red_Lady,December,0.7236,0.1713,0.1051,0,Unripe,383.6,179.36
Matara,Red_Lady,November,0.0043,0.0392,0.9565,3,Overripe,247.2,101.98
Galle,Red_Lady,August,0.0105,0.0507,0.9388,2,Market ready,430.4,327.09
Matara,Red_Lady,February,0.0052,0.0321,0.9627,3,Overripe,58.1,121.03
Galle,Red_Lady,August,0.0012,0.027,0.9718,2,Market ready,395.8,288.6
Hambantota,Tainung,June,0.7213,0.1836,0.0951,0,Unripe,159.1,162.26
Hambantota,Tainung,September,0.7795,0.16,0.0605,0,Unripe,48.8,134.15
Matara,Tainung,June,0.3244,0.5853,0.0903,1,Half ripe,646.9,249.84
Matara,Red_Lady,January,0.0076,0.0235,0.9689,2,Market ready,293.4,327.62
Hambantota,Red_Lady,November,0.7694,0.1242,0.1064,0,Unripe,230.5,151.19
Hambantota,Tainung,November,0.0078,0.033,0.9592,3,Overripe,442.7,99.91
Galle,Tainung,March,0.0066,0.0343,0.9591,3,Overripe,356.9,148.59
Galle,Tainung,June,0.2793,0.5945,0.1262,1,Half ripe,457.3,246.2
Hambantota,Red_Lady,June,0.3013,0.5741,0.1246,1,Half ripe,462.2,248.67
Hambantota,Red_Lady,November,0.8367,0.0776,0.0857,0,Unripe,169.8,146.99
Matara,Red_Lady,November,0.2645,0.6559,0.0796,1,Half ripe,411.2,218.86
Galle,Tainung,December,0.7516,0.1186,0.1298,0,Unripe,123.7,130.34
Galle,Tainung,May,0.0021,0.0212,0.9767,3,Overripe,357.1,102.92
Matara,Red_Lady,May,0.0089,0.0246,0.9665,3,Overripe,155.3,103.64
Matara,Tainung,January,0.0019,0.0689,0.9292,2,Market ready,246.8,317.4
Matara,Red_Lady,April,0.2939,0.5993,0.1068,1,Half ripe,322.9,250.01
Galle,Tainung,October,0.3623,0.5599,0.0778,1,Half ripe,534.4,224.33
Hambantota,Red_Lady,December,0.0114,0.0876,0.901,2,Market ready,282.3,311.19
Matara,Tainung,July,0.2946,0.5734,0.132,1,Half ripe,454.6,236.63
Galle,Red_Lady,April,0.2625,0.6359,0.1016,1,Half ripe,375.1,212.66
Matara,Tainung,November,0.0025,0.0214,0.9761,3,Overripe,276.0,141.54
Hambantota,Red_Lady,September,0.8219,0.1273,0.0508,0,Unripe,94.0,169.13
Matara,Red_Lady,September,0.7412,0.1379,0.1209,0,Unripe,96.9,141.52
Hambantota,Red_Lady,June,0.0031,0.0262,0.9707,3,Overripe,376.6,111.75
Galle,Red_Lady,July,0.7228,0.1678,0.1094,0,Unripe,550.8,142.72
Matara,Red_Lady,January,0.2808,0.5898,0.1294,1,Half ripe,53.3,237.19
Hambantota,Red_Lady,May,0.0001,0.0183,0.9816,3,Overripe,508.4,123.12
Matara,Red_Lady,March,0.7958,0.0987,0.1055,0,Unripe,561.9,143.78
Matara,Red_Lady,May,0.2959,0.5919,0.1122,1,Half ripe,182.3,218.67
Hambantota,Red_Lady,December,0.3636,0.5658,0.0706,1,Half ripe,471.4,203.43
Galle,Tainung,September,0.0123,0.0306,0.9571,2,Market ready,576.6,329.02
Hambantota,Red_Lady,August,0.27,0.6409,0.0891,1,Half ripe,302.1,229.18
Hambantota,Red_Lady,November,0.7428,0.1365,0.1207,0,Unripe,438.9,178.13
Matara,Red_Lady,April,0.0063,0.0357,0.958,3,Overripe,298.7,125.72
Hambantota,Tainung,August,0.0069,0.0323,0.9608,3,Overripe,23.0,141.5
Galle,Tainung,December,0.0043,0.024,0.9717,3,Overripe,58.9,118.78
Galle,Tainung,May,0.379,0.5394,0.0816,1,Half ripe,533.1,217.11
Matara,Tainung,April,0.0134,0.0272,0.9594,2,Market ready,68.1,293.52
Matara,Tainung,September,0.0222,0.0403,0.9375,2,Market ready,516.7,278.75
Hambantota,Tainung,October,0.7474,0.1714,0.0812,0,Unripe,413.2,148.07
Hambantota,Red_Lady,March,0.8104,0.115,0.0746,0,Unripe,46.5,140.37
Matara,Red_Lady,July,0.8348,0.0591,0.1061,0,Unripe,488.7,174.26
Hambantota,Tainung,August,0.0073,0.0193,0.9734,3,Overripe,569.4,104.34
Hambantota,Tainung,November,0.0304,0.0294,0.9402,2,Market ready,206.0,278.88
Matara,Red_Lady,February,0.0012,0.0133,0.9855,3,Overripe,71.5,121.1
Galle,Red_Lady,June,0.0036,0.0234,0.973,3,Overripe,66.4,107.67
Galle,Red_Lady,March,0.7923,0.1072,0.1005,0,Unripe,334.8,142.34
Hambantota,Tainung,February,0.3482,0.5791,0.0727,1,Half ripe,259.9,245.35
Hambantota,Red_Lady,February,0.0185,0.0197,0.9618,2,Market ready,477.8,298.65
Matara,Tainung,March,0.0122,0.0264,0.9614,2,Market ready,128.7,337.9
Hambantota,Tainung,August,0.0282,0.0796,0.8922,2,Market ready,290.3,295.1
Galle,Red_Lady,March,0.7928,0.1003,0.1069,0,Unripe,327.5,138.48
Galle,Tainung,December,0.7609,0.1143,0.1248,0,Unripe,94.1,165.06
Matara,Red_Lady,February,0.3733,0.5034,0.1233,1,Half ripe,355.3,241.6
Matara,Tainung,April,0.2535,0.6544,0.0921,1,Half ripe,582.5,236.93
Galle,Tainung,September,0.0232,0.0625,0.9143,2,Market ready,468.3,332.7
Hambantota,Tainung,December,0.0043,0.022,0.9737,3,Overripe,369.4,112.5
Galle,Tainung,November,0.7347,0.1372,0.1281,0,Unripe,27.3,142.85
Galle,Tainung,May,0.7476,0.155,0.0974,0,Unripe,575.5,135.12
Hambantota,Red_Lady,February,0.0244,0.0566,0.919,2,Market ready,222.6,277.67
Matara,Tainung,February,0.0019,0.0287,0.9694,2,Market ready,614.3,295.91
Matara,Red_Lady,March,0.7306,0.1515,0.1179,0,Unripe,607.6,168.74
Hambantota,Red_Lady,July,0.315,0.5865,0.0985,1,Half ripe,575.0,200.23
Galle,Red_Lady,November,0.0032,0.0235,0.9733,3,Overripe,252.8,115.43
Matara,Red_Lady,April,0.0044,0.0845,0.9111,2,Market ready,454.4,280.93
Matara,Red_Lady,August,0.011,0.0388,0.9502,2,Market ready,199.6,291.22
Hambantota,Red_Lady,August,0.02,0.0298,0.9502,2,Market ready,186.8,284.73
Matara,Red_Lady,August,0.0013,0.0209,0.9778,3,Overripe,425.8,103.9
Galle,Red_Lady,January,0.0249,0.0824,0.8927,2,Market ready,128.6,291.11
Matara,Tainung,August,0.0041,0.0148,0.9811,3,Overripe,374.6,106.59
Galle,Tainung,April,0.8004,0.1224,0.0772,0,Unripe,458.5,173.52
Matara,Tainung,March,0.0048,0.0273,0.9679,3,Overripe,600.6,97.22
Hambantota,Red_Lady,January,0.8045,0.085,0.1105,0,Unripe,592.9,137.66
Galle,Red_Lady,September,0.0034,0.035,0.9616,3,Overripe,39.2,104.43
Hambantota,Red_Lady,July,0.7863,0.0827,0.131,0,Unripe,172.7,131.09
Hambantota,Red_Lady,June,0.7957,0.1106,0.0937,0,Unripe,435.3,139.3
Matara,Red_Lady,March,0.0008,0.0607,0.9385,2,Market ready,172.9,289.7
Hambantota,Tainung,January,0.7862,0.0954,0.1184,0,Unripe,52.7,156.22
Galle,Tainung,February,0.0053,0.0223,0.9724,3,Overripe,154.7,133.99
Hambantota,Red_Lady,October,0.0016,0.0356,0.9628,3,Overripe,494.8,146.62
Matara,Red_Lady,March,0.0236,0.0614,0.915,2,Market ready,609.2,279.96
Matara,Red_Lady,February,0.0057,0.021,0.9733,3,Overripe,615.3,119.73
Hambantota,Tainung,August,0.3481,0.5432,0.1087,1,Half ripe,345.5,203.89
Matara,Red_Lady,March,0.2826,0.604,0.1134,1,Half ripe,326.3,219.31
Hambantota,Red_Lady,December,0.0138,0.0761,0.9101,2,Market ready,284.3,283.21
Galle,Red_Lady,October,0.0053,0.0153,0.9794,3,Overripe,347.9,96.89
Matara,Red_Lady,September,0.7913,0.1019,0.1068,0,Unripe,63.5,146.93
Matara,Red_Lady,December,0.7839,0.1035,0.1126,0,Unripe,267.6,138.01
Hambantota,Tainung,July,0.0017,0.0307,0.9676,3,Overripe,226.7,127.34
Matara,Red_Lady,July,0.3016,0.5941,0.1043,1,Half ripe,324.7,199.48
Hambantota,Red_Lady,February,0.0057,0.0287,0.9656,3,Overripe,188.5,110.15
Hambantota,Tainung,September,0.2839,0.6419,0.0742,1,Half ripe,426.6,218.73
Hambantota,Red_Lady,January,0.732,0.1794,0.0886,0,Unripe,646.6,135.04
Galle,Red_Lady,March,0.7555,0.1265,0.118,0,Unripe,92.9,159.91
Hambantota,Red_Lady,June,0.0039,0.0246,0.9715,3,Overripe,236.9,104.62
Galle,Tainung,December,0.2868,0.6064,0.1068,1,Half ripe,624.7,207.15
Galle,Tainung,February,0.2906,0.6158,0.0936,1,Half ripe,218.9,226.88
Galle,Tainung,June,0.0072,0.0267,0.9661,3,Overripe,481.9,129.95
Matara,Red_Lady,September,0.0099,0.038,0.9521,3,Overripe,272.9,143.59
Galle,Tainung,January,0.0131,0.0839,0.903,2,Market ready,208.2,300.39
Matara,Red_Lady,September,0.0056,0.0338,0.9606,3,Overripe,375.3,115.08
Hambantota,Red_Lady,January,0.8115,0.0847,0.1038,0,Unripe,98.4,141.92
Hambantota,Red_Lady,September,0.0087,0.0202,0.9711,3,Overripe,373.6,130.7
Matara,Red_Lady,November,0.001,0.0182,0.9808,3,Overripe,24.2,105.93
Galle,Red_Lady,March,0.0157,0.0816,0.9027,2,Market ready,97.5,303.13
Matara,Red_Lady,December,0.0031,0.0235,0.9734,3,Overripe,505.9,133.78
Galle,Red_Lady,January,0.0049,0.0223,0.9728,3,Overripe,408.9,93.85
Matara,Tainung,February,0.0295,0.0353,0.9352,2,Market ready,394.0,282.54
Galle,Red_Lady,April,0.0045,0.0139,0.9816,3,Overripe,196.6,128.3
Hambantota,Tainung,July,0.832,0.1214,0.0466,0,Unripe,177.4,130.98
Hambantota,Red_Lady,July,0.0075,0.0185,0.974,3,Overripe,80.1,125.25
Hambantota,Red_Lady,December,0.7926,0.0853,0.1221,0,Unripe,415.0,153.57
Matara,Red_Lady,November,0.004,0.0113,0.9847,3,Overripe,449.9,138.61
Matara,Tainung,September,0.0023,0.0288,0.9689,3,Overripe,275.5,102.36
Hambantota,Tainung,October,0.0009,0.0158,0.9833,3,Overripe,23.3,105.93
Galle,Red_Lady,January,0.788,0.0926,0.1194,0,Unripe,535.8,145.28
Hambantota,Red_Lady,February,0.7776,0.1807,0.0417,0,Unripe,633.4,158.53
Galle,Tainung,February,0.0081,0.077,0.9149,2,Market ready,591.3,286.37
Matara,Tainung,June,0.771,0.1695,0.0595,0,Unripe,264.4,146.19
Galle,Red_Lady,August,0.2695,0.6378,0.0927,1,Half ripe,254.6,241.76
Hambantota,Red_Lady,May,0.31,0.5648,0.1252,1,Half ripe,328.3,254.0
Matara,Red_Lady,September,0.0091,0.0312,0.9597,3,Overripe,600.9,126.63
Galle,Red_Lady,July,0.0262,0.0746,0.8992,2,Market ready,473.7,283.26
Matara,Tainung,November,0.0038,0.0191,0.9771,3,Overripe,445.5,100.99
Hambantota,Red_Lady,October,0.0225,0.0713,0.9062,2,Market ready,542.0,325.9
Matara,Red_Lady,October,0.7994,0.0747,0.1259,0,Unripe,477.8,162.07
Hambantota,Red_Lady,February,0.7399,0.1395,0.1206,0,Unripe,282.2,142.81
Matara,Tainung,November,0.7239,0.1412,0.1349,0,Unripe,459.8,137.22
Hambantota,Tainung,January,0.3356,0.5341,0.1303,1,Half ripe,555.0,225.87
Galle,Tainung,July,0.006,0.0258,0.9682,3,Overripe,238.7,125.57
Galle,Red_Lady,July,0.726,0.1496,0.1244,0,Unripe,446.0,134.08
Matara,Tainung,March,0.0089,0.0487,0.9424,2,Market ready,282.3,315.43
Galle,Tainung,June,0.0002,0.0344,0.9654,3,Overripe,536.3,101.4
Galle,Red_Lady,October,0.0066,0.0241,0.9693,3,Overripe,501.3,109.68
Matara,Tainung,December,0.736,0.161,0.103,0,Unripe,214.6,166.83
Matara,Tainung,January,0.0008,0.0379,0.9613,3,Overripe,278.9,140.92
Galle,Red_Lady,March,0.8438,0.0877,0.0685,0,Unripe,42.2,157.36
Hambantota,Red_Lady,May,0.3019,0.6034,0.0947,1,Half ripe,470.6,217.96
Galle,Red_Lady,November,0.0017,0.0694,0.9289,2,Market ready,570.3,286.19
Hambantota,Tainung,June,0.3467,0.574,0.0793,1,Half ripe,279.5,195.2
Hambantota,Red_Lady,November,0.2666,0.6615,0.0719,1,Half ripe,392.7,240.43
Galle,Red_Lady,March,0.0226,0.094,0.8834,2,Market ready,523.2,335.96
Galle,Red_Lady,May,0.0018,0.0604,0.9378,2,Market ready,520.1,335.88
Galle,Tainung,August,0.0069,0.0228,0.9703,2,Market ready,32.9,296.98
Matara,Red_Lady,May,0.0168,0.0345,0.9487,2,Market ready,282.2,297.67
Hambantota,Red_Lady,August,0.0046,0.0135,0.9819,3,Overripe,82.1,113.22
Galle,Tainung,November,0.3227,0.5633,0.114,1,Half ripe,612.6,218.73
Galle,Red_Lady,August,0.0289,0.0682,0.9029,2,Market ready,164.1,310.03
Galle,Tainung,June,0.3159,0.5515,0.1326,1,Half ripe,559.7,235.91
Hambantota,Red_Lady,September,0.2993,0.6184,0.0823,1,Half ripe,235.2,238.79
Galle,Tainung,September,0.7355,0.1308,0.1337,0,Unripe,382.1,173.03
Matara,Red_Lady,August,0.0058,0.0223,0.9719,3,Overripe,250.3,104.3
Galle,Red_Lady,March,0.0248,0.0711,0.9041,2,Market ready,39.1,304.62
Matara,Red_Lady,April,0.01,0.0168,0.9732,3,Overripe,641.1,109.84
Hambantota,Tainung,January,0.0259,0.0717,0.9024,2,Market ready,171.3,308.07
Galle,Tainung,July,0.0019,0.0313,0.9668,3,Overripe,471.8,142.71
Hambantota,Red_Lady,September,0.24,0.6745,0.0855,1,Half ripe,325.3,246.15
Hambantota,Red_Lady,October,0.8794,0.0679,0.0527,0,Unripe,416.4,156.31
Hambantota,Red_Lady,April,0.8385,0.1002,0.0613,0,Unripe,395.9,145.6
Galle,Red_Lady,August,0.0065,0.0852,0.9083,2,Market ready,413.3,285.17
Galle,Tainung,July,0.0067,0.0349,0.9584,3,Overripe,604.8,147.97
Matara,Red_Lady,August,0.0276,0.0956,0.8768,2,Market ready,319.5,324.66
Hambantota,Red_Lady,December,0.0119,0.0344,0.9537,2,Market ready,606.3,309.71
Galle,Red_Lady,January,0.3278,0.5514,0.1208,1,Half ripe,633.7,202.37
Galle,Red_Lady,July,0.3614,0.5784,0.0602,1,Half ripe,214.5,231.85
Galle,Tainung,April,0.2957,0.6234,0.0809,1,Half ripe,351.7,216.8
Matara,Tainung,March,0.8399,0.0996,0.0605,0,Unripe,481.9,149.75
Hambantota,Red_Lady,February,0.7382,0.1868,0.075,0,Unripe,420.3,176.92
Galle,Red_Lady,December,0.006,0.0299,0.9641,3,Overripe,174.3,142.08
Matara,Tainung,January,0.0114,0.0271,0.9615,2,Market ready,268.9,307.61
Hambantota,Tainung,July,0.8451,0.091,0.0639,0,Unripe,565.3,133.21
Matara,Tainung,March,0.0093,0.0235,0.9672,3,Overripe,21.4,114.45
Matara,Red_Lady,September,0.8439,0.0909,0.0652,0,Unripe,548.2,157.83
Matara,Red_Lady,April,0.0065,0.0812,0.9123,2,Market ready,81.5,282.71
Matara,Red_Lady,December,0.309,0.6246,0.0664,1,Half ripe,179.3,234.7
Galle,Red_Lady,June,0.3038,0.5854,0.1108,1,Half ripe,543.4,235.47
Galle,Red_Lady,January,0.3412,0.5895,0.0693,1,Half ripe,124.2,228.43
Galle,Red_Lady,January,0.7716,0.1586,0.0698,0,Unripe,161.6,153.61
Hambantota,Tainung,December,0.832,0.0716,0.0964,0,Unripe,223.2,159.38
Matara,Red_Lady,February,0.7365,0.1555,0.108,0,Unripe,586.4,133.52
Galle,Red_Lady,December,0.3809,0.5161,0.103,1,Half ripe,508.3,240.49
Hambantota,Tainung,May,0.7413,0.1601,0.0986,0,Unripe,145.1,134.76
Hambantota,Red_Lady,November,0.3194,0.5606,0.12,1,Half ripe,68.8,227.67
Hambantota,Tainung,January,0.0001,0.0339,0.966,3,Overripe,296.1,123.89
Hambantota,Red_Lady,November,0.0026,0.013,0.9844,3,Overripe,352.1,149.32
Matara,Red_Lady,April,0.0029,0.0137,0.9834,3,Overripe,152.2,114.02
Hambantota,Red_Lady,May,0.0041,0.0161,0.9798,3,Overripe,98.5,100.44
Hambantota,Red_Lady,September,0.0039,0.0357,0.9604,3,Overripe,337.2,98.68
Galle,Red_Lady,June,0.8445,0.0889,0.0666,0,Unripe,228.9,155.38
Matara,Tainung,November,0.0036,0.0875,0.9089,2,Market ready,365.8,285.16
Hambantota,Red_Lady,September,0.3007,0.6051,0.0942,1,Half ripe,280.5,246.91
Galle,Red_Lady,September,0.0043,0.017,0.9787,3,Overripe,124.0,125.4
Hambantota,Tainung,September,0.0077,0.013,0.9793,3,Overripe,421.5,115.31
Matara,Tainung,May,0.0124,0.043,0.9446,2,Market ready,85.4,286.28
Matara,Tainung,August,0.0031,0.0252,0.9717,3,Overripe,127.3,135.09
Matara,Red_Lady,April,0.8411,0.1088,0.0501,0,Unripe,76.3,136.31
Hambantota,Tainung,November,0.0152,0.0891,0.8957,2,Market ready,280.9,296.33
Galle,Red_Lady,April,0.0094,0.0183,0.9723,3,Overripe,174.8,129.77
Hambantota,Red_Lady,March,0.0087,0.0369,0.9544,3,Overripe,504.9,101.3
Galle,Red_Lady,October,0.0087,0.029,0.9623,3,Overripe,171.2,119.81
Hambantota,Red_Lady,October,0.0043,0.028,0.9677,3,Overripe,438.8,104.45
Hambantota,Tainung,April,0.0151,0.0395,0.9454,2,Market ready,97.3,323.79
Galle,Red_Lady,December,0.0072,0.0247,0.9681,3,Overripe,124.9,142.22
Hambantota,Red_Lady,January,0.0005,0.0116,0.9879,3,Overripe,223.5,110.89
Matara,Red_Lady,March,0.3722,0.5482,0.0796,1,Half ripe,144.7,211.78
Matara,Tainung,June,0.0093,0.0128,0.9779,3,Overripe,101.8,149.49
Galle,Red_Lady,February,0.0234,0.0595,0.9171,2,Market ready,113.4,296.29
Hambantota,Red_Lady,November,0.3354,0.588,0.0766,1,Half ripe,197.7,201.3
Hambantota,Tainung,December,0.0098,0.0309,0.9593,3,Overripe,543.9,105.69
Matara,Tainung,August,0.308,0.5788,0.1132,1,Half ripe,55.1,249.41
Galle,Tainung,June,0.272,0.6195,0.1085,1,Half ripe,387.9,201.53
Matara,Tainung,January,0.8006,0.1058,0.0936,0,Unripe,571.6,165.93
Matara,Red_Lady,July,0.0231,0.0627,0.9142,2,Market ready,162.9,302.62
Galle,Red_Lady,August,0.7383,0.1446,0.1171,0,Unripe,476.2,136.44
Hambantota,Red_Lady,October,0.0039,0.0211,0.975,3,Overripe,156.8,139.06
Hambantota,Tainung,August,0.0073,0.0368,0.9559,2,Market ready,505.3,310.34
Galle,Tainung,June,0.0234,0.0964,0.8802,2,Market ready,256.6,297.46
Galle,Tainung,November,0.3319,0.5428,0.1253,1,Half ripe,564.5,229.91
Hambantota,Red_Lady,November,0.0096,0.0328,0.9576,3,Overripe,397.2,149.53
Matara,Red_Lady,July,0.0068,0.0185,0.9747,3,Overripe,128.2,144.56
Galle,Red_Lady,April,0.8443,0.0872,0.0685,0,Unripe,110.2,148.07
Matara,Tainung,March,0.0077,0.0177,0.9746,3,Overripe,461.4,142.2
Galle,Red_Lady,April,0.0119,0.0988,0.8893,2,Market ready,74.3,285.56
Galle,Tainung,August,0.3432,0.5318,0.125,1,Half ripe,104.6,230.88
Matara,Red_Lady,July,0.0229,0.0906,0.8865,2,Market ready,64.3,319.22
Galle,Tainung,December,0.2625,0.6236,0.1139,1,Half ripe,21.8,224.91
Hambantota,Red_Lady,December,0.0018,0.0294,0.9688,3,Overripe,574.1,124.62
Matara,Tainung,October,0.0096,0.089,0.9014,2,Market ready,129.6,296.05
Matara,Tainung,May,0.3663,0.54,0.0937,1,Half ripe,456.0,240.55
Hambantota,Tainung,September,0.2996,0.616,0.0844,1,Half ripe,320.6,251.48
Hambantota,Tainung,June,0.0063,0.0464,0.9473,2,Market ready,547.9,305.72
Hambantota,Tainung,January,0.0176,0.043,0.9394,2,Market ready,332.6,328.61
Matara,Tainung,May,0.0173,0.0681,0.9146,2,Market ready,207.2,316.28
Matara,Tainung,August,0.3316,0.5764,0.092,1,Half ripe,565.4,241.13
Hambantota,Tainung,March,0.3159,0.5553,0.1288,1,Half ripe,347.8,239.92
Hambantota,Tainung,April,0.3573,0.5108,0.1319,1,Half ripe,212.8,237.24
Hambantota,Red_Lady,August,0.7918,0.0993,0.1089,0,Unripe,340.6,136.24
Matara,Tainung,March,0.0089,0.0265,0.9646,3,Overripe,170.4,142.34
Galle,Tainung,December,0.0088,0.036,0.9552,3,Overripe,483.6,104.51
Hambantota,Tainung,February,0.3414,0.5753,0.0833,1,Half ripe,371.3,243.6
Galle,Red_Lady,December,0.3376,0.5421,0.1203,1,Half ripe,515.8,210.98
Galle,Red_Lady,February,0.0108,0.0454,0.9438,2,Market ready,454.4,292.68
Galle,Red_Lady,February,0.0159,0.0753,0.9088,2,Market ready,249.0,299.26
Hambantota,Red_Lady,July,0.0058,0.0165,0.9777,3,Overripe,355.2,123.86
Galle,Red_Lady,May,0.0091,0.0383,0.9526,3,Overripe,65.1,91.19
Galle,Red_Lady,October,0.0022,0.0168,0.981,3,Overripe,426.2,102.06
Hambantota,Tainung,January,0.0172,0.0237,0.9591,2,Market ready,162.4,285.64
Galle,Red_Lady,March,0.0064,0.0316,0.962,3,Overripe,588.8,141.64
Matara,Tainung,November,0.0051,0.0357,0.9592,3,Overripe,276.7,108.66
Galle,Red_Lady,October,0.0252,0.0909,0.8839,2,Market ready,285.3,278.15
Hambantota,Tainung,August,0.007,0.0333,0.9597,3,Overripe,74.5,129.67
Galle,Red_Lady,December,0.0084,0.0838,0.9078,2,Market ready,35.9,321.5
Hambantota,Tainung,February,0.0071,0.0231,0.9698,3,Overripe,588.5,95.17
Matara,Red_Lady,January,0.0233,0.0555,0.9212,2,Market ready,442.7,278.0
Hambantota,Tainung,June,0.0018,0.0362,0.962,3,Overripe,304.6,137.7
Galle,Red_Lady,July,0.7402,0.1415,0.1183,0,Unripe,544.4,170.33
Matara,Red_Lady,November,0.7925,0.087,0.1205,0,Unripe,476.6,145.53
Galle,Tainung,March,0.0157,0.0309,0.9534,2,Market ready,370.6,342.95
Galle,Tainung,October,0.7621,0.1117,0.1262,0,Unripe,119.1,156.7
Hambantota,Tainung,February,0.0294,0.0548,0.9158,2,Market ready,113.2,290.87
Galle,Tainung,January,0.7864,0.1598,0.0538,0,Unripe,191.0,134.63
Hambantota,Red_Lady,November,0.0036,0.0657,0.9307,2,Market ready,320.6,294.26
Galle,Red_Lady,December,0.7324,0.1443,0.1233,0,Unripe,283.0,175.68
Hambantota,Red_Lady,March,0.0164,0.0602,0.9234,2,Market ready,220.1,276.7
Hambantota,Red_Lady,July,0.0025,0.0116,0.9859,3,Overripe,39.9,145.84
Matara,Red_Lady,February,0.0047,0.012,0.9833,3,Overripe,47.4,144.96
Galle,Red_Lady,May,0.0083,0.0129,0.9788,3,Overripe,27.7,137.85
Matara,Red_Lady,August,0.0084,0.024,0.9676,3,Overripe,32.6,107.9
Matara,Tainung,December,0.0056,0.038,0.9564,2,Market ready,251.3,278.25
Matara,Tainung,September,0.7977,0.1392,0.0631,0,Unripe,645.2,152.45
Galle,Red_Lady,May,0.0294,0.0809,0.8897,2,Market ready,131.3,337.01
Hambantota,Tainung,February,0.7427,0.1376,0.1197,0,Unripe,261.0,177.77
Galle,Red_Lady,March,0.0075,0.0371,0.9554,2,Market ready,89.7,284.9
Hambantota,Tainung,March,0.0007,0.0809,0.9184,2,Market ready,302.8,322.13
Hambantota,Tainung,December,0.0068,0.0446,0.9486,2,Market ready,29.2,283.64
Matara,Tainung,January,0.3596,0.5396,0.1008,1,Half ripe,645.2,212.85
Hambantota,Tainung,October,0.023,0.0756,0.9014,2,Market ready,193.2,293.51
Galle,Tainung,November,0.003,0.0254,0.9716,3,Overripe,208.7,148.75
Hambantota,Tainung,October,0.7962,0.1151,0.0887,0,Unripe,367.4,133.68
Galle,Red_Lady,August,0.3246,0.5708,0.1046,1,Half ripe,57.8,196.08
Hambantota,Tainung,July,0.0029,0.0359,0.9612,3,Overripe,270.6,139.89
Galle,Tainung,December,0.3051,0.5702,0.1247,1,Half ripe,237.9,222.11
Hambantota,Tainung,October,0.0032,0.0356,0.9612,3,Overripe,428.2,132.24
Hambantota,Red_Lady,February,0.0096,0.0249,0.9655,3,Overripe,359.3,141.64
Galle,Tainung,December,0.7888,0.1542,0.057,0,Unripe,263.1,158.29
Galle,Tainung,April,0.758,0.1348,0.1072,0,Unripe,301.3,177.56
Hambantota,Red_Lady,June,0.0036,0.0142,0.9822,3,Overripe,160.0,95.71
Hambantota,Red_Lady,May,0.0129,0.0565,0.9306,2,Market ready,248.2,309.09
Galle,Tainung,November,0.0056,0.0374,0.957,3,Overripe,52.1,116.12
Galle,Tainung,September,0.0198,0.0795,0.9007,2,Market ready,595.3,325.71
Hambantota,Tainung,March,0.0107,0.0297,0.9596,2,Market ready,418.5,278.67
Galle,Red_Lady,September,0.0179,0.0202,0.9619,2,Market ready,338.4,285.28
Hambantota,Tainung,June,0.0024,0.0342,0.9634,2,Market ready,596.3,299.89
Matara,Red_Lady,December,0.0118,0.0567,0.9315,2,Market ready,319.3,285.86
Galle,Tainung,February,0.7394,0.1374,0.1232,0,Unripe,282.9,173.96
Galle,Tainung,March,0.0077,0.0386,0.9537,3,Overripe,429.6,102.49
Matara,Red_Lady,December,0.0114,0.0319,0.9567,2,Market ready,280.9,335.39
Galle,Tainung,December,0.0238,0.0693,0.9069,2,Market ready,642.4,315.42
Hambantota,Tainung,September,0.3636,0.5602,0.0762,1,Half ripe,202.7,253.84
Matara,Tainung,September,0.002,0.0628,0.9352,2,Market ready,617.5,279.65
Matara,Red_Lady,April,0.7795,0.1078,0.1127,0,Unripe,153.6,139.79
Hambantota,Red_Lady,December,0.7936,0.0867,0.1197,0,Unripe,300.2,152.48
Galle,Red_Lady,June,0.0075,0.0262,0.9663,3,Overripe,485.4,137.65
Matara,Red_Lady,December,0.0044,0.025,0.9706,3,Overripe,245.1,127.61
Matara,Tainung,July,0.7776,0.0917,0.1307,0,Unripe,294.7,141.67
Matara,Red_Lady,May,0.7907,0.1513,0.058,0,Unripe,171.0,149.87
Matara,Red_Lady,August,0.7701,0.1757,0.0542,0,Unripe,541.0,153.8
Galle,Red_Lady,August,0.0019,0.0288,0.9693,3,Overripe,465.3,120.27
Galle,Tainung,October,0.807,0.1183,0.0747,0,Unripe,341.0,139.96
Galle,Red_Lady,June,0.3375,0.5982,0.0643,1,Half ripe,128.1,227.1
Galle,Tainung,February,0.0021,0.0315,0.9664,3,Overripe,295.2,100.38
Hambantota,Red_Lady,June,0.3591,0.5203,0.1206,1,Half ripe,617.7,254.58
Galle,Tainung,January,0.343,0.5788,0.0782,1,Half ripe,120.0,200.28
Hambantota,Tainung,February,0.3106,0.574,0.1154,1,Half ripe,181.5,244.68
Galle,Tainung,April,0.0118,0.0937,0.8945,2,Market ready,86.8,341.03
Galle,Red_Lady,November,0.2578,0.6365,0.1057,1,Half ripe,648.8,199.83
Hambantota,Tainung,August,0.0272,0.0264,0.9464,2,Market ready,377.2,305.12
Matara,Red_Lady,December,0.2939,0.5721,0.134,1,Half ripe,537.6,217.67
Hambantota,Tainung,June,0.8024,0.0913,0.1063,0,Unripe,224.1,175.98
Galle,Red_Lady,July,0.857,0.0914,0.0516,0,Unripe,222.0,165.12
Hambantota,Tainung,July,0.2822,0.5927,0.1251,1,Half ripe,204.5,223.63
Hambantota,Red_Lady,June,0.0041,0.0436,0.9523,2,Market ready,319.4,290.06
Matara,Red_Lady,December,0.7308,0.1818,0.0874,0,Unripe,439.5,140.68
Hambantota,Tainung,March,0.0066,0.0387,0.9547,3,Overripe,449.1,123.95
Galle,Tainung,May,0.0126,0.0877,0.8997,2,Market ready,174.0,298.07
Matara,Red_Lady,November,0.0051,0.0153,0.9796,3,Overripe,358.3,125.68
Matara,Red_Lady,March,0.003,0.0366,0.9604,3,Overripe,528.7,145.61
Hambantota,Red_Lady,October,0.8292,0.1181,0.0527,0,Unripe,160.9,171.4
Galle,Tainung,July,0.0075,0.0358,0.9567,3,Overripe,320.3,95.33
Hambantota,Red_Lady,December,0.8481,0.0728,0.0791,0,Unripe,484.8,170.64
Hambantota,Red_Lady,November,0.8452,0.0788,0.076,0,Unripe,159.1,164.67
Hambantota,Red_Lady,December,0.7584,0.1061,0.1355,0,Unripe,280.6,138.25
Matara,Red_Lady,November,0.369,0.5593,0.0717,1,Half ripe,333.1,215.58
Galle,Tainung,August,0.334,0.5619,0.1041,1,Half ripe,295.4,220.23
Hambantota,Red_Lady,August,0.7759,0.1773,0.0468,0,Unripe,74.6,132.58
Matara,Red_Lady,January,0.0084,0.034,0.9576,3,Overripe,180.0,132.62
Matara,Tainung,February,0.765,0.1713,0.0637,0,Unripe,454.6,177.77
Matara,Tainung,December,0.0056,0.0183,0.9761,3,Overripe,53.5,97.11
Hambantota,Red_Lady,August,0.7203,0.1963,0.0834,0,Unripe,482.4,158.42
Hambantota,Red_Lady,February,0.0064,0.0379,0.9557,3,Overripe,339.2,126.02
Galle,Red_Lady,February,0.322,0.568,0.11,1,Half ripe,133.8,228.42
Hambantota,Tainung,November,0.0047,0.0314,0.9639,2,Market ready,585.0,315.38
Matara,Red_Lady,February,0.0025,0.051,0.9465,2,Market ready,48.4,310.32
Hambantota,Red_Lady,September,0.0273,0.0504,0.9223,2,Market ready,502.3,337.05
Matara,Tainung,October,0.3398,0.54,0.1202,1,Half ripe,126.9,241.56
Hambantota,Tainung,March,0.0043,0.0628,0.9329,2,Market ready,443.5,332.76
Matara,Red_Lady,July,0.3046,0.5799,0.1155,1,Half ripe,601.2,241.07
Galle,Red_Lady,September,0.028,0.0223,0.9497,2,Market ready,235.8,326.76
Hambantota,Red_Lady,February,0.3051,0.5845,0.1104,1,Half ripe,221.5,216.51
Hambantota,Red_Lady,December,0.2613,0.6503,0.0884,1,Half ripe,56.7,216.17
Galle,Tainung,October,0.01,0.0175,0.9725,3,Overripe,313.8,92.59
Hambantota,Tainung,January,0.0078,0.0293,0.9629,3,Overripe,218.4,97.63
Matara,Tainung,February,0.0042,0.0172,0.9786,3,Overripe,595.6,90.11
Matara,Tainung,May,0.3858,0.5303,0.0839,1,Half ripe,262.1,230.86
Hambantota,Tainung,February,0.7948,0.1585,0.0467,0,Unripe,620.9,152.95
Galle,Tainung,June,0.7567,0.1061,0.1372,0,Unripe,115.2,177.35
Galle,Tainung,September,0.0265,0.0377,0.9358,2,Market ready,576.9,328.75
Galle,Red_Lady,November,0.0148,0.0378,0.9474,2,Market ready,89.0,328.03
Galle,Red_Lady,September,0.2935,0.5807,0.1258,1,Half ripe,557.6,197.45
Matara,Red_Lady,January,0.0114,0.0433,0.9453,2,Market ready,182.6,318.03
Galle,Red_Lady,November,0.2881,0.5956,0.1163,1,Half ripe,35.8,235.2
Matara,Tainung,August,0.0083,0.0296,0.9621,3,Overripe,282.2,108.85
Hambantota,Red_Lady,October,0.0081,0.0124,0.9795,3,Overripe,275.2,109.19
Matara,Red_Lady,January,0.8276,0.0978,0.0746,0,Unripe,610.4,152.57
Hambantota,Tainung,December,0.0046,0.0789,0.9165,2,Market ready,127.5,303.93
Hambantota,Tainung,November,0.3812,0.5396,0.0792,1,Half ripe,179.2,204.22
Matara,Red_Lady,December,0.7915,0.1084,0.1001,0,Unripe,444.8,163.96
Galle,Red_Lady,May,0.0073,0.0253,0.9674,3,Overripe,468.0,103.15
Matara,Tainung,May,0.0092,0.0253,0.9655,3,Overripe,505.5,149.33
Hambantota,Red_Lady,July,0.0192,0.0825,0.8983,2,Market ready,49.5,299.56
Galle,Tainung,October,0.7845,0.1716,0.0439,0,Unripe,89.1,168.71
Hambantota,Tainung,December,0.8037,0.1474,0.0489,0,Unripe,43.5,142.64
Galle,Red_Lady,December,0.8068,0.1039,0.0893,0,Unripe,641.0,145.75
Hambantota,Tainung,July,0.0084,0.0396,0.952,3,Overripe,20.2,97.02
Matara,Tainung,October,0.0239,0.0783,0.8978,2,Market ready,213.9,290.16
Galle,Red_Lady,July,0.2878,0.6212,0.091,1,Half ripe,604.8,230.88
Hambantota,Tainung,January,0.29,0.6389,0.0711,1,Half ripe,521.9,219.16
Hambantota,Tainung,April,0.2797,0.6207,0.0996,1,Half ripe,134.0,223.67
Hambantota,Tainung,December,0.791,0.1585,0.0505,0,Unripe,544.1,143.99
Galle,Tainung,February,0.3363,0.5397,0.124,1,Half ripe,388.9,225.49
Galle,Tainung,June,0.0005,0.018,0.9815,3,Overripe,621.5,129.63
Matara,Tainung,August,0.0097,0.0612,0.9291,2,Market ready,224.5,339.58
Galle,Red_Lady,November,0.2845,0.643,0.0725,1,Half ripe,560.1,238.84
Matara,Red_Lady,September,0.0037,0.0275,0.9688,3,Overripe,548.7,106.5
Matara,Red_Lady,April,0.832,0.0933,0.0747,0,Unripe,324.1,137.2
Hambantota,Tainung,August,0.7385,0.1908,0.0707,0,Unripe,112.7,153.79
Matara,Tainung,May,0.2952,0.6294,0.0754,1,Half ripe,337.2,213.21
Galle,Tainung,February,0.013,0.0951,0.8919,2,Market ready,266.1,306.69
Galle,Red_Lady,December,0.3287,0.5616,0.1097,1,Half ripe,556.2,230.95
Matara,Red_Lady,June,0.308,0.6286,0.0634,1,Half ripe,277.6,206.55
Galle,Tainung,November,0.7357,0.1422,0.1221,0,Unripe,497.4,156.84
Galle,Tainung,November,0.0081,0.0338,0.9581,3,Overripe,169.8,124.68
Galle,Red_Lady,September,0.0034,0.0322,0.9644,3,Overripe,158.9,96.23
Galle,Red_Lady,May,0.0274,0.0436,0.929,2,Market ready,472.3,312.94
Matara,Red_Lady,September,0.0062,0.0117,0.9821,3,Overripe,547.3,131.95
Matara,Tainung,March,0.3316,0.5883,0.0801,1,Half ripe,92.5,203.28
Galle,Tainung,December,0.0024,0.0118,0.9858,3,Overripe,360.5,129.21
Galle,Red_Lady,March,0.0124,0.0674,0.9202,2,Market ready,285.5,279.23
Galle,Red_Lady,August,0.0077,0.0118,0.9805,3,Overripe,348.0,133.61
Hambantota,Tainung,February,0.8158,0.1266,0.0576,0,Unripe,388.9,179.34
Matara,Tainung,December,0.0008,0.0949,0.9043,2,Market ready,537.4,338.07
Galle,Red_Lady,March,0.0095,0.0181,0.9724,3,Overripe,329.6,131.44
Matara,Tainung,August,0.014,0.0215,0.9645,2,Market ready,615.0,342.8
Hambantota,Red_Lady,June,0.0248,0.045,0.9302,2,Market ready,297.9,326.98
Matara,Tainung,August,0.7763,0.1242,0.0995,0,Unripe,63.4,136.26
Galle,Tainung,August,0.0004,0.0174,0.9822,3,Overripe,629.6,108.94
Hambantota,Tainung,February,0.0056,0.0229,0.9715,2,Market ready,406.2,312.78
Galle,Red_Lady,December,0.2915,0.5805,0.128,1,Half ripe,175.1,244.76
Matara,Red_Lady,December,0.0265,0.0654,0.9081,2,Market ready,69.0,328.87
Matara,Tainung,August,0.009,0.0598,0.9312,2,Market ready,425.4,318.27
Matara,Tainung,June,0.8446,0.0612,0.0942,0,Unripe,641.1,131.14
Hambantota,Red_Lady,March,0.3114,0.5631,0.1255,1,Half ripe,442.0,232.74
Galle,Tainung,August,0.0219,0.069,0.9091,2,Market ready,174.5,338.21
Matara,Red_Lady,July,0.0055,0.0351,0.9594,3,Overripe,328.8,106.2
Galle,Tainung,July,0.0234,0.0816,0.895,2,Market ready,154.5,336.83
Galle,Tainung,June,0.3433,0.5586,0.0981,1,Half ripe,22.9,203.42
Matara,Red_Lady,October,0.7528,0.1339,0.1133,0,Unripe,226.4,161.83
Galle,Red_Lady,June,0.318,0.585,0.097,1,Half ripe,602.6,203.21
Hambantota,Tainung,June,0.2614,0.6246,0.114,1,Half ripe,148.9,231.22
Hambantota,Tainung,October,0.7668,0.1282,0.105,0,Unripe,381.5,171.42
Galle,Tainung,July,0.3585,0.5634,0.0781,1,Half ripe,526.9,211.76
Matara,Red_Lady,May,0.0032,0.0185,0.9783,3,Overripe,173.8,104.53
Hambantota,Red_Lady,May,0.7842,0.0892,0.1266,0,Unripe,647.8,146.25
Matara,Red_Lady,April,0.2993,0.6157,0.085,1,Half ripe,350.7,222.03
Matara,Red_Lady,September,0.004,0.0137,0.9823,3,Overripe,68.7,145.7
Galle,Tainung,July,0.3387,0.5745,0.0868,1,Half ripe,63.2,246.38
Matara,Tainung,August,0.3103,0.5817,0.108,1,Half ripe,264.3,232.94
Matara,Red_Lady,June,0.3285,0.5733,0.0982,1,Half ripe,90.9,241.32
Galle,Tainung,September,0.0028,0.0199,0.9773,3,Overripe,429.1,131.15
Hambantota,Tainung,March,0.3636,0.5702,0.0662,1,Half ripe,532.1,219.86
Galle,Tainung,November,0.0091,0.0843,0.9066,2,Market ready,39.5,296.5
Galle,Red_Lady,November,0.8468,0.0976,0.0556,0,Unripe,389.7,142.91
Galle,Tainung,February,0.0056,0.0456,0.9488,2,Market ready,638.8,284.33
Galle,Red_Lady,April,0.0091,0.0231,0.9678,3,Overripe,233.0,95.01
Galle,Red_Lady,October,0.789,0.1223,0.0887,0,Unripe,41.6,167.83
Galle,Red_Lady,February,0.3023,0.6031,0.0946,1,Half ripe,649.7,233.35
Hambantota,Red_Lady,May,0.7165,0.1542,0.1293,0,Unripe,294.3,137.61
Matara,Red_Lady,May,0.3537,0.5307,0.1156,1,Half ripe,584.2,254.25
Galle,Tainung,January,0.2496,0.6102,0.1402,1,Half ripe,118.0,217.13
Galle,Red_Lady,April,0.7499,0.1981,0.052,0,Unripe,70.4,153.76
Hambantota,Red_Lady,July,0.2548,0.6449,0.1003,1,Half ripe,437.4,202.05
Hambantota,Tainung,October,0.8252,0.0945,0.0803,0,Unripe,588.9,173.58
Galle,Tainung,July,0.0201,0.0872,0.8927,2,Market ready,146.6,314.97
Matara,Red_Lady,April,0.8123,0.1329,0.0548,0,Unripe,352.9,131.78
Hambantota,Red_Lady,April,0.0225,0.0326,0.9449,2,Market ready,400.7,344.35
Hambantota,Red_Lady,March,0.7932,0.0745,0.1323,0,Unripe,344.7,172.53
Matara,Red_Lady,April,0.7786,0.1709,0.0505,0,Unripe,433.6,156.62
Galle,Red_Lady,November,0.2359,0.6781,0.086,1,Half ripe,571.8,228.35
Galle,Red_Lady,November,0.0019,0.0317,0.9664,3,Overripe,252.2,97.44
Hambantota,Tainung,June,0.3357,0.5927,0.0716,1,Half ripe,345.7,219.06
Galle,Tainung,July,0.8026,0.079,0.1184,0,Unripe,233.9,144.27
